source,supplierName,sourceUrl,externalId,name,brand,manufacturer,category,unit,currency,price,quantity,catalogOnly,description
planmeca-official,Planmeca,https://www.planmeca.com/dental-units/planmeca-compact-i5/,planmeca-compact-i5,Planmeca Compact i5,Planmeca,Planmeca Oy,Стоматологические установки,шт,,,,true,Стоматологическая установка для ежедневной работы клиники. Конфигурацию инструментов и дополнительные модули можно выбрать у продавца.
planmeca-official,Planmeca,https://www.planmeca.com/dental-units/planmeca-pro50-dental-unit/,planmeca-pro50,Planmeca Pro50,Planmeca,Planmeca Oy,Стоматологические установки,шт,,,,true,Стоматологическая установка с настраиваемой комплектацией рабочего места врача. Цена зависит от выбранных инструментов и оснащения.
planmeca-official,Planmeca,https://www.planmeca.com/dental-imaging/cbct-machines/planmeca-viso-g3/,planmeca-viso-g3,Planmeca Viso G3,Planmeca,Planmeca Oy,Рентгеновское оборудование,шт,,,,true,Трёхмерная рентгеновская система для диагностики и планирования лечения. Комплектацию и программные модули указывает продавец.
planmeca-official,Planmeca,https://www.planmeca.com/dental-imaging/panoramic-machines/planmeca-promax-2d/,planmeca-promax-2d,Planmeca ProMax 2D,Planmeca,Planmeca Oy,Рентгеновское оборудование,шт,,,,true,Панорамная рентгеновская система для снимков зубочелюстной области. Доступные программы съёмки зависят от комплектации.
planmeca-official,Planmeca,https://www.planmeca.com/cadcam-dentistry/intraoral-scanners/planmeca-emerald-s/,planmeca-emerald-s,Planmeca Emerald S,Planmeca,Planmeca Oy,Интраоральные сканеры,шт,,,,true,Интраоральный сканер для получения цифровых оттисков. Состав комплекта и программное обеспечение уточняются в предложении продавца.
planmeca-official,Planmeca,https://www.planmeca.com/cadcam-dentistry/dental-milling-machines/planmeca-planmill-35/,planmeca-planmill-35,Planmeca PlanMill 35,Planmeca,Planmeca Oy,Фрезерные системы,шт,,,,true,Фрезерная система для изготовления стоматологических реставраций. Поддерживаемые материалы и состав комплекта зависят от конфигурации.
nsk-official,NSK,https://www.japan.nsk-dental.com/products/turbines/turbines-ti-max_z990_z890/,nsk-ti-max-z990,NSK Ti-Max Z990,NSK,Nakanishi Inc.,Турбинные наконечники,шт,,,,true,Турбинный наконечник премиальной серии NSK. Тип соединения и наличие подсветки выбираются в варианте товара.
nsk-official,NSK,https://www.japan.nsk-dental.com/products/turbines/turbines-s-max_m/,nsk-s-max-m900,NSK S-Max M900,NSK,Nakanishi Inc.,Турбинные наконечники,шт,,,,true,Турбинный наконечник NSK для терапевтического приёма. Варианты отличаются типом соединения и комплектацией.
nsk-official,NSK,https://www.japan.nsk-dental.com/products/oral-hygiene/oral-varios/,nsk-varios-970,NSK Varios 970,NSK,Nakanishi Inc.,Ультразвуковые скалеры,шт,,,,true,Ультразвуковой скалер с двумя ёмкостями для растворов. Версии с подсветкой и без неё учитываются как варианты одной модели.
nsk-official,NSK,https://www.japan.nsk-dental.com/products/oral-hygiene/oral-vcp-2/,nsk-varios-combi-pro2,NSK Varios Combi Pro2,NSK,Nakanishi Inc.,Профилактическое оборудование,шт,,,,true,Система для ультразвуковой обработки и порошковой профилактики. Наборы Prophy и Perio указываются в предложениях продавцов.
nsk-official,NSK,https://www.japan.nsk-dental.com/products/surgical/surgical-surgicpro2/?simply_static_page=1041550,nsk-surgic-pro2,NSK Surgic Pro2,NSK,Nakanishi Inc.,Хирургические моторы,шт,,,,true,Хирургическая моторная система для имплантологии и челюстно-лицевой хирургии. Наконечники и состав набора зависят от комплектации.
nsk-official,NSK,https://www.japan.nsk-dental.com/products/surgical/surgical-variosurg4/,nsk-variosurg-4,NSK VarioSurg 4,NSK,Nakanishi Inc.,Пьезохирургические аппараты,шт,,,,true,Пьезохирургическая система для работы с костной тканью. Насадки и дополнительные принадлежности выбираются отдельно.
nsk-official,NSK,https://www.japan.nsk-dental.com/products/endodontics/endo-endomate_tc2/,nsk-endo-mate-tc2,NSK ENDO-MATE TC2,NSK,Nakanishi Inc.,Эндодонтические моторы,шт,,,,true,Беспроводной эндодонтический мотор для обработки корневых каналов. Тип головки и комплект поставки уточняются у продавца.
nsk-official,NSK,https://www.japan.nsk-dental.com/products/endodontics/endo-ipex2/,nsk-ipex-ii,NSK iPex II,NSK,Nakanishi Inc.,Апекслокаторы,шт,,,,true,Апекслокатор для определения рабочей длины корневого канала. Карточка объединяет предложения продавцов по одной модели.
nsk-official,NSK,https://www.japan.nsk-dental.com/products/hygiene_and_maintenance/maintenace-icare/,nsk-icare,NSK iCare,NSK,Nakanishi Inc.,Уход за наконечниками,шт,,,,true,Автоматическая система для смазки и обслуживания стоматологических наконечников. Количество портов указывается в варианте товара.
ivoclar-official,Ivoclar,https://www.ivoclar.com/en_us/products/composites/tetric-prime,ivoclar-tetric-prime,Ivoclar Tetric Prime,Ivoclar,Ivoclar Vivadent AG,Композитные материалы,шт,,,,true,Универсальный композит для прямых реставраций передних и боковых зубов. Оттенок и фасовка выбираются в варианте товара.
ivoclar-official,Ivoclar,https://www.ivoclar.com/fr_fr/products/cementation/variolink-esthetic,ivoclar-variolink-esthetic,Ivoclar Variolink Esthetic,Ivoclar,Ivoclar Vivadent AG,Стоматологические цементы,шт,,,,true,Композитный цемент для фиксации непрямых реставраций. Варианты отличаются способом отверждения оттенком и комплектацией.
tokuyama-official,Tokuyama Dental,https://tokuyama-dental.com/products/composites/universal/palfique-omnichroma/,tokuyama-palfique-omnichroma,Tokuyama Palfique Omnichroma,Tokuyama Dental,Tokuyama Dental Corporation,Композитные материалы,шт,,,,true,Универсальный композит с единым основным оттенком для прямых реставраций. Фасовка и дополнительные материалы указываются отдельно.
tokuyama-official,Tokuyama Dental,https://tokuyama-dental.com/products/composites/universal/estelite-posterior/,tokuyama-estelite-posterior,Tokuyama Estelite Posterior,Tokuyama Dental,Tokuyama Dental Corporation,Композитные материалы,шт,,,,true,Композит для реставраций боковых зубов. Оттенки PA1 PA2 PA3 и PCE представлены вариантами одной модели.
tokuyama-official,Tokuyama Dental,https://tokuyama-dental.com/products/bonding-agents/self-etching_bonding_system/palfique-universal-bond/,tokuyama-palfique-universal-bond,Tokuyama Palfique Universal Bond,Tokuyama Dental,Tokuyama Dental Corporation,Адгезивные системы,шт,,,,true,Универсальная двухкомпонентная адгезивная система для прямых и непрямых реставраций. Фасовку уточняет продавец.
tokuyama-official,Tokuyama Dental,https://tokuyama-dental.com/products/oral-care/sealant-desensitizer/tokuyama-shield-force-plus/,tokuyama-shield-force-plus,Tokuyama Shield Force Plus,Tokuyama Dental,Tokuyama Dental Corporation,Десенситайзеры,шт,,,,true,Материал для снижения чувствительности дентина и защиты обработанной поверхности. Комплектация указывается в предложении продавца.
solventum-official,Solventum,https://www.solventum.com/en-us/home/f/b5005092007/,solventum-filtek-universal,3M Filtek Universal Restorative,Solventum,Solventum Corporation,Композитные материалы,шт,,,,true,Универсальный реставрационный композит. Оттенок и форма выпуска указываются в варианте товара.
solventum-official,Solventum,https://www.solventum.com/en-us/home/f/b00008028/,solventum-filtek-one-bulk-fill,3M Filtek One Bulk Fill Restorative,Solventum,Solventum Corporation,Композитные материалы,шт,,,,true,Композит для однослойного внесения в боковых реставрациях. Шприцы капсулы и оттенки представлены вариантами одной карточки.
solventum-official,Solventum,https://www.solventum.com/en-us/home/f/B5005223013/,solventum-scotchbond-universal-plus,3M Scotchbond Universal Plus Adhesive,Solventum,Solventum Corporation,Адгезивные системы,шт,,,,true,Универсальный однокомпонентный адгезив. Флаконы наборы и одноразовые дозы представлены вариантами одной карточки.
solventum-official,Solventum,https://www.solventum.com/en-us/home/f/b5005223005/,solventum-relyx-universal,3M RelyX Universal Resin Cement,Solventum,Solventum Corporation,Стоматологические цементы,шт,,,,true,Универсальный композитный цемент двойного отверждения. Оттенок и комплектация указываются в варианте товара.
solventum-official,Solventum,https://www.solventum.com/en-il/home/f/b00005791/,solventum-clinpro-white-varnish,3M Clinpro White Varnish,Solventum,Solventum Corporation,Профилактические материалы,шт,,,,true,Фторсодержащий лак для профессионального применения. Вкус количество доз и фасовка указываются в варианте товара.
kerr-official,Kerr,https://www.kerrdental.com/en-uk/harmonize,kerr-harmonize,Kerr Harmonize,Kerr,Kerr Corporation,Композитные материалы,шт,,,,true,Универсальный наногибридный композит для прямых реставраций. Оттенок форма выпуска и фасовка указываются в варианте товара.
kerr-official,Kerr,https://www.kerrdental.com/en-ae/optibond-universal,kerr-optibond-universal,Kerr OptiBond Universal,Kerr,Kerr Corporation,Адгезивные системы,шт,,,,true,Универсальный однокомпонентный адгезив для разных техник протравливания. Наборы флаконы и одноразовые дозы представлены вариантами одной карточки.
kerr-official,Kerr,https://www.kerrdental.com/en-ca/simplishade,kerr-simplishade,Kerr SimpliShade Universal Composite,Kerr,Kerr Corporation,Композитные материалы,шт,,,,true,Универсальный композит с упрощённой системой оттенков. Оттенок и форма выпуска указываются в варианте товара.
kerr-official,Kerr,https://www.kerrdental.com/en-fi/dental-restoration-products/maxcem-elite-chroma-permanent-dental-cements-and-liners,kerr-maxcem-elite-chroma,Kerr Maxcem Elite Chroma,Kerr,Kerr Corporation,Стоматологические цементы,шт,,,,true,Самоадгезивный композитный цемент двойного отверждения с цветовым индикатором очистки. Оттенок и комплектация указываются в варианте товара.
gc-official,GC,https://www.gc.dental/europe/en-GP/products/gaenialachord,gc-gaenial-achord,GC G-ænial A'CHORD,GC,GC Corporation,Композитные материалы,шт,,,,true,Универсальный композит для прямых реставраций передних и боковых зубов. Оттенок шприц или унидоза и фасовка указываются в варианте товара.
gc-official,GC,https://www.gc.dental/europe/en-GB/products/gpremiobond,gc-g-premio-bond,GC G-Premio BOND,GC,GC Corporation,Адгезивные системы,шт,,,,true,Универсальный однокомпонентный светоотверждаемый адгезив. Флакон набор или одноразовые дозы указываются в варианте товара.
gc-official,GC,https://www.gc.dental/europe/en-GB/products/gcemone,gc-g-cem-one,GC G-CEM ONE,GC,GC Corporation,Стоматологические цементы,шт,,,,true,Универсальный самоадгезивный композитный цемент двойного отверждения. Оттенок набор и количество шприцев указываются в варианте товара.
gc-official,GC,https://www.gc.dental/europe/en-GB/products/fujicemevolve,gc-fujicem-evolve,GC FujiCEM Evolve,GC,GC Corporation,Стоматологические цементы,шт,,,,true,Модифицированный смолой стеклоиономерный цемент для фиксации. Количество шприцев способ смешивания и наконечники указываются в варианте товара.
gc-official,GC,https://www.gc.dental/europe/en-GB/products/equiaforteht,gc-equia-forte-ht,GC EQUIA Forte HT,GC,GC Corporation,Стеклоиономерные материалы,шт,,,,true,Стеклогибридная реставрационная система для объёмного внесения. Оттенок количество капсул и комплектация указываются в варианте товара.
voco-official,VOCO,https://www.voco.dental/in/products/direct-restoration/composite/grandioso.aspx,voco-grandioso,VOCO GrandioSO,VOCO,VOCO GmbH,Композитные материалы,шт,,,,true,Универсальный наногибридный композит для прямых реставраций передних и боковых зубов. Оттенок шприц или капсулы и фасовка указываются в варианте товара.
voco-official,VOCO,https://www.voco.dental/in/products/direct-restoration/composites/admira-fusion.aspx,voco-admira-fusion,VOCO Admira Fusion,VOCO,VOCO GmbH,Композитные материалы,шт,,,,true,Универсальный наногибридный реставрационный материал на основе ORMOCER. Оттенок шприц или капсулы и фасовка указываются в варианте товара.
voco-official,VOCO,https://www.voco.dental/in/products/direct-restoration/bonding/futurabond-u.aspx,voco-futurabond-u,VOCO Futurabond U,VOCO,VOCO GmbH,Адгезивные системы,шт,,,,true,Универсальный адгезив двойного отверждения для прямых и непрямых реставраций. Флакон одноразовые дозы и комплектация указываются в варианте товара.
voco-official,VOCO,https://www.voco.dental/en/products/indirect-restoration/luting/bifix-qm.aspx,voco-bifix-qm,VOCO Bifix QM,VOCO,VOCO GmbH,Стоматологические цементы,шт,,,,true,Универсальный композитный цемент двойного отверждения для постоянной фиксации реставраций. Оттенок набор и фасовка указываются в варианте товара.
voco-official,VOCO,https://www.voco.dental/en/products/oral-care/desensitizer/voco-profluorid-varnish.aspx,voco-profluorid-varnish,VOCO Profluorid Varnish,VOCO,VOCO GmbH,Профилактические материалы,шт,,,,true,Фторсодержащий лак с 5% фторида натрия для чувствительных зубов и корневых поверхностей. Вкус тюбик картридж или одноразовые дозы и фасовка указываются в варианте товара.
