externalId,name,supplierSku,brand,manufacturer,unit,priceMinor,currency,quantityOnHand,category,sourceUrl,sourceUpdatedAt
533373758082,Алмазные боры IQ Dent (5 шт в упаковке),MSK-B-80,,,шт,407000,KZT,,Боры и аксессуары для боров,https://medstom.kz/catalog,2026-07-17T09:35:49.424Z
429498279962,Бокс для боров IQ Dent (Аксессуар),MSK-B-95,,,шт,693000,KZT,,Боры и аксессуары для боров,https://medstom.kz/catalog,2026-07-17T09:35:49.424Z
311298577772,Бокс для инструментов IQ Dent (Аксессуар),MSK-B-96,,,шт,1155000,KZT,,Боры и аксессуары для боров,https://medstom.kz/catalog,2026-07-17T09:35:49.424Z
529562100092,Боры для хирургии IQ Dent (за шт),MSK-B-81,,,шт,528000,KZT,,Боры и аксессуары для боров,https://medstom.kz/catalog,2026-07-17T09:35:49.424Z
705992074872,Твердосплавные боры IQ Dent (за шт),MSK-B-83,,,шт,154000,KZT,,Боры и аксессуары для боров,https://medstom.kz/catalog,2026-07-17T09:35:49.424Z
786383160602,DentexDental Бор алмазный,MSK-B-97,,,шт,308000,KZT,,Боры и аксессуары для боров,https://medstom.kz/catalog,2026-07-17T09:35:49.424Z
393132984862,IQ Dent Набор боров для виниров (9 шт),MSK-B-85,,,шт,1441000,KZT,,Боры и аксессуары для боров,https://medstom.kz/catalog,2026-07-17T09:35:49.424Z
192105128732,IQ Dent Набор боров для виниров (9 шт) в боксе,MSK-B-92,,,шт,2057000,KZT,,Боры и аксессуары для боров,https://medstom.kz/catalog,2026-07-17T09:35:49.424Z
496961036572,IQ Dent Набор боров для коронки (10 шт),MSK-B-84,,,шт,1089000,KZT,,Боры и аксессуары для боров,https://medstom.kz/catalog,2026-07-17T09:35:49.424Z
927837984052,IQ Dent Набор боров для коронки (10 шт) в боксе,MSK-B-90,,,шт,1683000,KZT,,Боры и аксессуары для боров,https://medstom.kz/catalog,2026-07-17T09:35:49.424Z
501962109492,IQ Dent Набор боров для обработки композита (10 шт),MSK-B-87,,,шт,3919000,KZT,,Боры и аксессуары для боров,https://medstom.kz/catalog,2026-07-17T09:35:49.424Z
547825734592,IQ Dent Набор боров твердосплавных детский (в боксе),MSK-B-94,,,шт,1386000,KZT,,Боры и аксессуары для боров,https://medstom.kz/catalog,2026-07-17T09:35:49.424Z
226813616022,IQ Dent Набор боров хирургические (10 шт),MSK-B-86,,,шт,3919000,KZT,,Боры и аксессуары для боров,https://medstom.kz/catalog,2026-07-17T09:35:49.424Z
373241295292,IQ Dent Набор боров хирургические (10 шт) в боксе,MSK-B-91,,,шт,4202000,KZT,,Боры и аксессуары для боров,https://medstom.kz/catalog,2026-07-17T09:35:49.424Z
899327773232,IQ Dent Набор для обработки композита (10 шт) в боксе,MSK-B-93,,,шт,4202000,KZT,,Боры и аксессуары для боров,https://medstom.kz/catalog,2026-07-17T09:35:49.424Z
446790468662,IQ Dent Набор для эндодонтического доступа (без бокса),MSK-B-88,,,шт,2887500,KZT,,Боры и аксессуары для боров,https://medstom.kz/catalog,2026-07-17T09:35:49.424Z
789399859812,IQ Dent Набор для эндодонтического доступа (в боксе),MSK-B-89,,,шт,3465000,KZT,,Боры и аксессуары для боров,https://medstom.kz/catalog,2026-07-17T09:35:49.424Z
257742524932,PRIMA Алмазный бор (разные размеры),MSK-B-101,,,шт,71500,KZT,,Боры и аксессуары для боров,https://medstom.kz/catalog,2026-07-17T09:35:49.424Z
439409898742,PRIMA Бор хирургический (разные размеры),MSK-B-98,,,шт,638000,KZT,,Боры и аксессуары для боров,https://medstom.kz/catalog,2026-07-17T09:35:49.424Z
919720522492,PRIMA Твердосплавный бор FG3 Surg,MSK-B-100,,,шт,159500,KZT,,Боры и аксессуары для боров,https://medstom.kz/catalog,2026-07-17T09:35:49.424Z
472226096712,PRIMA Accu Prep коронкорез,MSK-B-99,,,шт,407000,KZT,,Боры и аксессуары для боров,https://medstom.kz/catalog,2026-07-17T09:35:49.424Z
462691765152,Зажим кровоостанавливающий,,,,шт,346500,KZT,,Инструменты,https://medstom.kz/catalog,2026-07-17T09:35:49.424Z
544085380152,Иглодержатель 25-300 14 см или Иглодержатель 25-132 18см,,,,шт,616000,KZT,,Инструменты,https://medstom.kz/catalog,2026-07-17T09:35:49.424Z
285800883852,Иглодержатель 25-302 17см,,,,шт,577500,KZT,,Инструменты,https://medstom.kz/catalog,2026-07-17T09:35:49.424Z
242897170832,Иглодержатель общехиругический прямой Truewin TW4-263,,,,шт,462000,KZT,,Инструменты,https://medstom.kz/catalog,2026-07-17T09:35:49.424Z
616730953232,"Комплект инструментов для снятия зубных отложений (4инстр.) ""ММИЗ""",,,,шт,770000,KZT,,Инструменты,https://medstom.kz/catalog,2026-07-17T09:35:49.424Z
291741228662,"Комплект инструментов для снятия зубных отложений (9инстр.), ""ММИЗ""",,,,шт,1864500,KZT,,Инструменты,https://medstom.kz/catalog,2026-07-17T09:35:49.424Z
907865037552,Корнцанг изогнутый,,,,шт,577500,KZT,,Инструменты,https://medstom.kz/catalog,2026-07-17T09:35:49.424Z
178246593152,Крючок пластинчатый по Фараберу детский №1 100мм,,,,шт,346500,KZT,,Инструменты,https://medstom.kz/catalog,2026-07-17T09:35:49.424Z
953074211482,"ММИЗ Пинцет стоматологический изогнутый ПСи (150*0,8)",,,,шт,209000,KZT,,Инструменты,https://medstom.kz/catalog,2026-07-17T09:35:49.424Z
339666715432,Набор зеркал 4 штуки Micro Mirror SANI,,,,шт,6050000,KZT,,Инструменты,https://medstom.kz/catalog,2026-07-17T09:35:49.424Z
865397620332,Ножницы прямые Truewin,,,,шт,,KZT,,Инструменты,https://medstom.kz/catalog,2026-07-17T09:35:49.424Z
916731249532,Скальпель №10 Biolancet,,,,шт,22000,KZT,,Инструменты,https://medstom.kz/catalog,2026-07-17T09:35:49.424Z
883025516942,Холодные Плаггеры SANI,,,,шт,3608000,KZT,,Инструменты,https://medstom.kz/catalog,2026-07-17T09:35:49.424Z
921248927272,"Шпатель для цемента, ""Дента-М""",,,,шт,143000,KZT,,Инструменты,https://medstom.kz/catalog,2026-07-17T09:35:49.424Z
499734238342,Щипцы для удаления зубов AGILE ( в ассортименте ),,,,шт,759000,KZT,,Инструменты,https://medstom.kz/catalog,2026-07-17T09:35:49.424Z
186176526902,Элеватор AGI-02-149 №720/3 или Элеватор AGI-02-148 №720/2,,,,шт,533500,KZT,,Инструменты,https://medstom.kz/catalog,2026-07-17T09:35:49.424Z
254514850482,FАLCON Iris Ножницы изогнутыеBS51.115илиFALCON Iris Ножн и цы пр ям ые B S 540.15,,,,шт,605000,KZT,,Инструменты,https://medstom.kz/catalog,2026-07-17T09:35:49.424Z
578053660332,FALСON Элеватор LuxatingDE.95874420.000 набор( 7ш т.),,,,шт,8734000,KZT,,Инструменты,https://medstom.kz/catalog,2026-07-17T09:35:49.424Z
635944800122,FALCON иглодержатель Мэтью140ммBN.714.140,,,,шт,1287000,KZT,,Инструменты,https://medstom.kz/catalog,2026-07-17T09:35:49.424Z
795907664452,FALCON набор для коффердамаDR .900.002,,,,шт,14553000,KZT,,Инструменты,https://medstom.kz/catalog,2026-07-17T09:35:49.424Z
694342408182,FALCON распаторDP.660.075,,,,шт,726000,KZT,,Инструменты,https://medstom.kz/catalog,2026-07-17T09:35:49.424Z
535418832902,FALCON элеватор изогнутый 3ммDE.920.0 40,,,,шт,1331000,KZT,,Инструменты,https://medstom.kz/catalog,2026-07-17T09:35:49.424Z
957184935592,FALCON элеватор изогнутый 5ммDE.920.050,,,,шт,1331000,KZT,,Инструменты,https://medstom.kz/catalog,2026-07-17T09:35:49.424Z
420585101592,FALCON элеватор прямой2ммDE 20.0 10,,,,шт,1331000,KZT,,Инструменты,https://medstom.kz/catalog,2026-07-17T09:35:49.424Z
307897804102,FALCON элеватор прямой3ммDE.920.0 20,,,,шт,1331000,KZT,,Инструменты,https://medstom.kz/catalog,2026-07-17T09:35:49.424Z
972784893052,FALCON элеватор прямой5ммDE.920.030,,,,шт,1331000,KZT,,Инструменты,https://medstom.kz/catalog,2026-07-17T09:35:49.424Z
423550858812,FALCON элеватор СOF3ммDE.920.060,,,,шт,1331000,KZT,,Инструменты,https://medstom.kz/catalog,2026-07-17T09:35:49.424Z
659302138322,FALCON элеватор BAYONET 3мм DE.920 .07 0,,,,шт,1331000,KZT,,Инструменты,https://medstom.kz/catalog,2026-07-17T09:35:49.424Z
656936665472,FALCON-Зажим артериальный Halsted Mosquito прямой125mm BH.224.125илиFALCON Зажимтериальный Halsted Mosquito изогнутый125mmBH.225.215,,,,шт,605000,KZT,,Инструменты,https://medstom.kz/catalog,2026-07-17T09:35:49.424Z
281529143002,FALCONМини-дестальный концевой резакDO.542.200,,,,шт,3938000,KZT,,Инструменты,https://medstom.kz/catalog,2026-07-17T09:35:49.424Z
399562314982,FALCONпинцетDD945.010,,,,шт,253000,KZT,,Инструменты,https://medstom.kz/catalog,2026-07-17T09:35:49.424Z
862702660292,FALCONраспаторDP.660.085,,,,шт,726000,KZT,,Инструменты,https://medstom.kz/catalog,2026-07-17T09:35:49.424Z
555959952712,FALCONраспаторDP.660.090,,,,шт,726000,KZT,,Инструменты,https://medstom.kz/catalog,2026-07-17T09:35:49.424Z
380472465052,FALCONраспаторDP635.155,,,,шт,726000,KZT,,Инструменты,https://medstom.kz/catalog,2026-07-17T09:35:49.424Z
510505534352,FALCONщипцы дляудаленияDE.800.000 НАБОР (10 ш т),,,,шт,14795000,KZT,,Инструменты,https://medstom.kz/catalog,2026-07-17T09:35:49.424Z
980267352352,Medesy иглодержатель изогнутый малый,,,,шт,1870000,KZT,,Инструменты,https://medstom.kz/catalog,2026-07-17T09:35:49.424Z
345270165562,Medesy иглодержатель прямой 1521,,,,шт,1980000,KZT,,Инструменты,https://medstom.kz/catalog,2026-07-17T09:35:49.424Z
377452062092,Medesy ножницы прямые,,,,шт,2090000,KZT,,Инструменты,https://medstom.kz/catalog,2026-07-17T09:35:49.424Z
496746495542,Medesy щипцы 2500/51-1,,,,шт,759000,KZT,,Инструменты,https://medstom.kz/catalog,2026-07-17T09:35:49.424Z
694666794792,Medesy элеватор,,,,шт,2541000,KZT,,Инструменты,https://medstom.kz/catalog,2026-07-17T09:35:49.424Z
342048075952,Аппарат для промывки и дезинфекции корневых каналов COXO C-RRC,,,,шт,23100000,KZT,,Материал для каналов,https://medstom.kz/catalog,2026-07-17T09:35:49.424Z
271378499192,Аппарат для чистки и смазки наконечников Fomos FOLUB,,,,шт,12500000,KZT,,Материал для каналов,https://medstom.kz/catalog,2026-07-17T09:35:49.424Z
633276485462,Брекеты металл Galaxy 022,BR-GALAXY,,,шт,297000,KZT,,Ортодонтия,https://medstom.kz/catalog,2026-07-17T09:35:49.424Z
434741958972,"Брекеты металлические 0,018/0,022 (MIM технология)",BR-METAL-018,,,шт,407000,KZT,,Ортодонтия,https://medstom.kz/catalog,2026-07-17T09:35:49.424Z
529329018412,"Брекеты самолигирующие металлические 0,022 (MIM технология)",BR-SAMO,,,шт,3465000,KZT,,Ортодонтия,https://medstom.kz/catalog,2026-07-17T09:35:49.424Z
367967784252,"Керамические брекеты 0,022 (Класс А, В, С)",BR-KER-A,,,шт,2541000,KZT,,Ортодонтия,https://medstom.kz/catalog,2026-07-17T09:35:49.424Z
853261189272,Лигатура для брекетов прозрачная / цветная (40 шт),LIGA,,,шт,407000,KZT,,Ортодонтия,https://medstom.kz/catalog,2026-07-17T09:35:49.424Z
471524682522,Пружина нитиноловая открывающая,PRUZHINA,,,шт,407000,KZT,,Ортодонтия,https://medstom.kz/catalog,2026-07-17T09:35:49.424Z
901969545482,Самолигирующая брекет система керамик,BR-SAMO-K,,,шт,5197500,KZT,,Ортодонтия,https://medstom.kz/catalog,2026-07-17T09:35:49.424Z
778763898382,Эластофор (нелатексный) (длинный/средний/короткий),ELASTOFOR,,,шт,407000,KZT,,Ортодонтия,https://medstom.kz/catalog,2026-07-17T09:35:49.424Z
282654283282,Гель протравочный Владмива,,,,шт,77000,KZT,,Пломбировочные материалы,https://medstom.kz/catalog,2026-07-17T09:35:49.424Z
631158352212,ОLIDЕNT-OliCoXPнанокерамический,,,,шт,1850000,KZT,,Пломбировочные материалы,https://medstom.kz/catalog,2026-07-17T09:35:49.424Z
801178161892,ОLIDENT-набор VIP Esthetic( 8 x5g),,,,шт,10665000,KZT,,Пломбировочные материалы,https://medstom.kz/catalog,2026-07-17T09:35:49.424Z
720277661762,ОLIDENT-OliBOND,,,,шт,1800000,KZT,,Пломбировочные материалы,https://medstom.kz/catalog,2026-07-17T09:35:49.424Z
163883169922,ОLIDENT-OliCemSE,,,,шт,4200000,KZT,,Пломбировочные материалы,https://medstom.kz/catalog,2026-07-17T09:35:49.424Z
362803369292,Триоксидент,,,,шт,913000,KZT,,Пломбировочные материалы,https://medstom.kz/catalog,2026-07-17T09:35:49.424Z
809355552842,DENU Base Liner Биоактивный фотополимерный вкладыш (прокладка с кальцием),,,,шт,900000,KZT,,Пломбировочные материалы,https://medstom.kz/catalog,2026-07-17T09:35:49.424Z
870378987152,DENU Block-out Resin Светоотверждаемый полу текучий блокирующий материал,,,,шт,550000,KZT,,Пломбировочные материалы,https://medstom.kz/catalog,2026-07-17T09:35:49.424Z
371789886152,"DENU Bond Прикрепление композита к дентину, эмали и цементу",,,,шт,693000,KZT,,Пломбировочные материалы,https://medstom.kz/catalog,2026-07-17T09:35:49.424Z
219235185632,DENU Clear Varnish,,,,шт,66000,KZT,,Пломбировочные материалы,https://medstom.kz/catalog,2026-07-17T09:35:49.424Z
625154099332,DENU composite resin - композитная смола с наногибридным наполнителем,,,,шт,440000,KZT,,Пломбировочные материалы,https://medstom.kz/catalog,2026-07-17T09:35:49.424Z
748160508182,"DENU Composite Resin Kit Композитная смола (Комплект 1, Комплект 2)",,,,шт,4500000,KZT,,Пломбировочные материалы,https://medstom.kz/catalog,2026-07-17T09:35:49.424Z
866000809442,DENU Cure CEM MTA [Белый порошок MTA],,,,шт,808500,KZT,,Пломбировочные материалы,https://medstom.kz/catalog,2026-07-17T09:35:49.424Z
656496729132,Denu DAM / Жидкий коффердам,,,,шт,638000,KZT,,Пломбировочные материалы,https://medstom.kz/catalog,2026-07-17T09:35:49.424Z
499320439332,DENU Dual Core Двойной полимеризующийся строительный материал,,,,шт,,KZT,,Пломбировочные материалы,https://medstom.kz/catalog,2026-07-17T09:35:49.424Z
639270689712,DENU EDTA CREAM - пломбирование корневых каналов,,,,шт,748000,KZT,,Пломбировочные материалы,https://medstom.kz/catalog,2026-07-17T09:35:49.424Z
205788537962,DENU Etch-37 для обработки эмали и дентина. Ортофосфорная кислота 37%,,,,шт,528000,KZT,,Пломбировочные материалы,https://medstom.kz/catalog,2026-07-17T09:35:49.424Z
384659221362,DENU Flow Resin Жидкий фотополимер,,,,шт,270000,KZT,,Пломбировочные материалы,https://medstom.kz/catalog,2026-07-17T09:35:49.424Z
158416823682,DENU Fluoride Gel Tray,,,,шт,924000,KZT,,Пломбировочные материалы,https://medstom.kz/catalog,2026-07-17T09:35:49.424Z
167040893182,DENU GingiCord Ретракционная нить,,,,шт,517000,KZT,,Пломбировочные материалы,https://medstom.kz/catalog,2026-07-17T09:35:49.424Z
176749852262,Denu Jig Handy,,,,шт,924000,KZT,,Пломбировочные материалы,https://medstom.kz/catalog,2026-07-17T09:35:49.424Z
389630117642,DENU Jig Paste,,,,шт,1118000,KZT,,Пломбировочные материалы,https://medstom.kz/catalog,2026-07-17T09:35:49.424Z
326765139302,Denu Light Body 4 картриджа (50 по гр+3 канюли),,,,шт,2100000,KZT,,Пломбировочные материалы,https://medstom.kz/catalog,2026-07-17T09:35:49.424Z
966425144242,Denu Putty Set,,,,шт,2200000,KZT,,Пломбировочные материалы,https://medstom.kz/catalog,2026-07-17T09:35:49.424Z
809932693292,DENU Seal,,,,шт,535000,KZT,,Пломбировочные материалы,https://medstom.kz/catalog,2026-07-17T09:35:49.424Z
500540879552,DENU Sparkle ( Kit 2),,,,шт,704000,KZT,,Пломбировочные материалы,https://medstom.kz/catalog,2026-07-17T09:35:49.424Z
469026833722,DENU Temp Cement EZ Temp цемент без эвгенола для легкого удаления,,,,шт,748000,KZT,,Пломбировочные материалы,https://medstom.kz/catalog,2026-07-17T09:35:49.424Z
792904248442,DENU Temp Cement Implant Временный цемент для имплантов,,,,шт,1386000,KZT,,Пломбировочные материалы,https://medstom.kz/catalog,2026-07-17T09:35:49.424Z
922576395732,DENU Temp Cement NE Временный цемент без эвгенола,,,,шт,770000,KZT,,Пломбировочные материалы,https://medstom.kz/catalog,2026-07-17T09:35:49.424Z
528145610552,DENU TemTooth,,,,шт,1118000,KZT,,Пломбировочные материалы,https://medstom.kz/catalog,2026-07-17T09:35:49.424Z
688332266012,OL I D E N T - AZURE Incisal,,,,шт,2662000,KZT,,Пломбировочные материалы,https://medstom.kz/catalog,2026-07-17T09:35:49.424Z
515733055672,OL I D E N T - O li Bulk F i l l MD и л и U D,,,,шт,1250000,KZT,,Пломбировочные материалы,https://medstom.kz/catalog,2026-07-17T09:35:49.424Z
961699829642,OL I D E N T - O li R E V O,,,,шт,1450000,KZT,,Пломбировочные материалы,https://medstom.kz/catalog,2026-07-17T09:35:49.424Z
811247355482,OL I D E N T - O n e Sh a d e,,,,шт,1630000,KZT,,Пломбировочные материалы,https://medstom.kz/catalog,2026-07-17T09:35:49.424Z
769938520892,OL I D E N T- ОliSPHERIC-Наногибридный композит,,,,шт,2600000,KZT,,Пломбировочные материалы,https://medstom.kz/catalog,2026-07-17T09:35:49.424Z
399376138362,OLIDEN T- Набор OliR EVO ( 8 x 5 g ),,,,шт,10650000,KZT,,Пломбировочные материалы,https://medstom.kz/catalog,2026-07-17T09:35:49.424Z
404699473852,OLIDENT - OliEtch BOND,,,,шт,2950000,KZT,,Пломбировочные материалы,https://medstom.kz/catalog,2026-07-17T09:35:49.424Z
314801856402,OLIDENT - OliREVOнабор(6шприцов ),,,,шт,9000000,KZT,,Пломбировочные материалы,https://medstom.kz/catalog,2026-07-17T09:35:49.424Z
409618956602,OLIDENT OliLUX Set,,,,шт,7117000,KZT,,Пломбировочные материалы,https://medstom.kz/catalog,2026-07-17T09:35:49.424Z
793569498002,OLIDENT-НаборOliCoXP(8x 5g),,,,шт,14900000,KZT,,Пломбировочные материалы,https://medstom.kz/catalog,2026-07-17T09:35:49.424Z
781300164192,OLIDENT-OliBulkFill&amp;ONEshade(хамелеон)Универсальный стоматологический композит,,,,шт,3820000,KZT,,Пломбировочные материалы,https://medstom.kz/catalog,2026-07-17T09:35:49.424Z
594231740702,OLIDENT-OliCoXPнабор(6шприцов)нанокерамический,,,,шт,11575000,KZT,,Пломбировочные материалы,https://medstom.kz/catalog,2026-07-17T09:35:49.424Z
814618601452,OLIDENT-OliFllowCORЕ,,,,шт,2915000,KZT,,Пломбировочные материалы,https://medstom.kz/catalog,2026-07-17T09:35:49.424Z
900813712032,OLIDENT-Oliflow Стоматологический пломбировочный матерал,,,,шт,1000000,KZT,,Пломбировочные материалы,https://medstom.kz/catalog,2026-07-17T09:35:49.424Z
281431070552,OLIDENT-OliNanoSEAL,,,,шт,4800000,KZT,,Пломбировочные материалы,https://medstom.kz/catalog,2026-07-17T09:35:49.424Z
233067069752,OLIDENT-OliTempesthetic,,,,шт,6193000,KZT,,Пломбировочные материалы,https://medstom.kz/catalog,2026-07-17T09:35:49.424Z
309072379802,OLIDENT-OliWettingAdhesive,,,,шт,2673000,KZT,,Пломбировочные материалы,https://medstom.kz/catalog,2026-07-17T09:35:49.424Z
614473358552,OLIDENT-OliZircore NANO,,,,шт,4000000,KZT,,Пломбировочные материалы,https://medstom.kz/catalog,2026-07-17T09:35:49.424Z
979468891442,OLIDENT-VIP Estheti c набор(6 шприцов),,,,шт,7500000,KZT,0,Пломбировочные материалы,https://medstom.kz/catalog,2026-07-17T09:35:49.424Z
374011037292,OLIDENT-VIP Esthetic Композит светового отверждения,,,,шт,1250000,KZT,1,Пломбировочные материалы,https://medstom.kz/catalog,2026-07-17T09:35:49.424Z
620043747302,Sagen Бонд 5мл,,,,шт,726000,KZT,,Пломбировочные материалы,https://medstom.kz/catalog,2026-07-17T09:35:49.424Z
689132041472,Sagen Balance набор,,,,шт,6200000,KZT,,Пломбировочные материалы,https://medstom.kz/catalog,2026-07-17T09:35:49.424Z
200118762122,Sagen Etch,,,,шт,220000,KZT,,Пломбировочные материалы,https://medstom.kz/catalog,2026-07-17T09:35:49.424Z
295290158752,Sagen Flow,,,,шт,450000,KZT,,Пломбировочные материалы,https://medstom.kz/catalog,2026-07-17T09:35:49.424Z
116374035242,Zetaplus L intro kit набор С-силиконовая слепочная масса,,,,шт,2130000,KZT,,Пломбировочные материалы,https://medstom.kz/catalog,2026-07-17T09:35:49.424Z
542126061322,CICADA повышающий угловой наконечник,,,,шт,10000000,KZT,,Повышающие наконечники,https://medstom.kz/catalog,2026-07-17T09:35:49.424Z
678878171992,WJ Medical электромотор + WJ-422 повышающий наконечник,,,,шт,24200000,KZT,,Повышающие наконечники,https://medstom.kz/catalog,2026-07-17T09:35:49.424Z
562959870422,CICADA прямой и угловой наконечники (набор),,,,шт,5775000,KZT,,Прямые наконечники,https://medstom.kz/catalog,2026-07-17T09:35:49.424Z
782447755202,SOCO Прямой наконечник,,,,шт,2640000,KZT,,Прямые наконечники,https://medstom.kz/catalog,2026-07-17T09:35:49.424Z
526305464112,Дрили калибровочные ассорти,DRIL-K,,,шт,462000,KZT,,Расходники,https://medstom.kz/catalog,2026-07-17T09:35:49.424Z
174866697062,Набор полировочный (кисти+резинки) 100 шт.,NAB-POL,,,шт,577500,KZT,,Расходники,https://medstom.kz/catalog,2026-07-17T09:35:49.424Z
661470349782,Полировочные резинки набор 6 шт.,REZ-POL,,,шт,858000,KZT,,Расходники,https://medstom.kz/catalog,2026-07-17T09:35:49.424Z
569966397962,Полиры NAIS чашки,NAIS,,,шт,71500,KZT,,Расходники,https://medstom.kz/catalog,2026-07-17T09:35:49.424Z
207382872832,Полоски алмазные крупнозернистые ТОР ВМ (5 шт),,,,шт,275000,KZT,,Расходники,https://medstom.kz/catalog,2026-07-17T09:35:49.424Z
739751125272,Штифт титановый ФОРМА 108L №3 (25 шт.),F-108L,,,шт,254000,KZT,,Расходники,https://medstom.kz/catalog,2026-07-17T09:35:49.424Z
610114580652,Штифты анкерные (TITAN/GOLD/METAL) 240 шт. (ассорти),TITAN-ANK,,,шт,1963500,KZT,,Расходники,https://medstom.kz/catalog,2026-07-17T09:35:49.424Z
284578130702,Эндолинейка (Линейка от 1 до 30 мм),ENDO-L,,,шт,,KZT,,Расходники,https://medstom.kz/catalog,2026-07-17T09:35:49.424Z
949297047402,"Энхансы (диски, чашечки, конусы)",ENHANCE,,,шт,143000,KZT,,Расходники,https://medstom.kz/catalog,2026-07-17T09:35:49.424Z
138568477252,Hahnenkratt exatec - штифты набор (большой),EXATEC-S,,,шт,12370000,KZT,,Расходники,https://medstom.kz/catalog,2026-07-17T09:35:49.424Z
918938022902,Hahnenkratt exatec - штифты набор (малый),EXATEC-SH,,,шт,10857000,KZT,,Расходники,https://medstom.kz/catalog,2026-07-17T09:35:49.424Z
530854033792,COXO зарядный блок к лампе DB686 Nano,,,,шт,1650000,KZT,,Световые лампы,https://medstom.kz/catalog,2026-07-17T09:35:49.424Z
615544795762,COXO световод к лампе DB686 Nano или COXO корпус к лампе DB686 Nano,,,,шт,550000,KZT,,Световые лампы,https://medstom.kz/catalog,2026-07-17T09:35:49.424Z
618874212452,COXO DB-686 SUPER-LUX - беспроводная полимеризационная лампа,,,,шт,7100000,KZT,,Световые лампы,https://medstom.kz/catalog,2026-07-17T09:35:49.424Z
675725496042,Стоматологическая установка,,,,шт,200007200,KZT,,Стоматологические установки,https://medstom.kz/catalog,2026-07-17T09:35:49.424Z
712549286632,Стоматологическая установка EXW,,,,шт,171400000,KZT,,Стоматологические установки,https://medstom.kz/catalog,2026-07-17T09:35:49.424Z
666535729702,Стоматологическая установка EXW 2,,,,шт,235300000,KZT,,Стоматологические установки,https://medstom.kz/catalog,2026-07-17T09:35:49.424Z
782307255912,Стоматологическая установка EXW 3,,,,шт,117800000,KZT,,Стоматологические установки,https://medstom.kz/catalog,2026-07-17T09:35:49.424Z
483716196812,Альванес с линкомицином или хлоргексидином (30 шт),ALVANES,,,шт,583000,KZT,,Стоматология,https://medstom.kz/catalog,2026-07-17T09:35:49.424Z
471791481262,Белодез 3% 100 мл.,BELODEZ,,,шт,176000,KZT,,Стоматология,https://medstom.kz/catalog,2026-07-17T09:35:49.424Z
289563654942,Валики ватные (уп-15рол),VALIK-15,,,шт,401500,KZT,,Стоматология,https://medstom.kz/catalog,2026-07-17T09:35:49.424Z
503341062122,Валики ватные (уп-20рол),VALIK-20,,,шт,275000,KZT,,Стоматология,https://medstom.kz/catalog,2026-07-17T09:35:49.424Z
520268876532,"Валики ватные Clean+Safe 8мм, 300 гр (840 шт)",CLEAN-SAFE,,,шт,275000,KZT,,Стоматология,https://medstom.kz/catalog,2026-07-17T09:35:49.424Z
749327203832,Визиограф Handy HDR500,,,,шт,39000000,KZT,,Стоматология,https://medstom.kz/catalog,2026-07-17T09:35:49.424Z
740236184992,"Гейтсы Denсo (Assortii, 1, 2)",DENCO-G,,,шт,462000,KZT,,Стоматология,https://medstom.kz/catalog,2026-07-17T09:35:49.424Z
109507398332,Дентин паста детская (клубника) или (цитрон) 50гр.,DENTIN-P,,,шт,90700,KZT,,Стоматология,https://medstom.kz/catalog,2026-07-17T09:35:49.424Z
589554135352,Загубники металлические,ZAGUBNIK,,,шт,583000,KZT,,Стоматология,https://medstom.kz/catalog,2026-07-17T09:35:49.424Z
765923895422,Зеркало для пациента,ZERKALO,,,шт,230000,KZT,,Стоматология,https://medstom.kz/catalog,2026-07-17T09:35:49.424Z
331550067272,Иглы карпульные CE ISO Sterile (12мм/21мм/25мм/32мм),CE-ISO,,,шт,297000,KZT,,Стоматология,https://medstom.kz/catalog,2026-07-17T09:35:49.424Z
461569997962,Иглы карпульные Spident (ассортимент),SPIDENT-04,,,шт,297000,KZT,,Стоматология,https://medstom.kz/catalog,2026-07-17T09:35:49.424Z
219691401752,Интраоральный сканер Рanda P3 — компактный и точный интраоральный сканер для быстрой цифровой фиксации оттисков,,,,шт,190000000,KZT,,Стоматология,https://medstom.kz/catalog,2026-07-17T09:35:49.424Z
675878655602,Камера интраоральная Zzlinker,,,,шт,4100000,KZT,,Стоматология,https://medstom.kz/catalog,2026-07-17T09:35:49.424Z
312856342702,Коллаген Resorba 1.8Х3.6 см,RESORBA-K,,,шт,,KZT,,Стоматология,https://medstom.kz/catalog,2026-07-17T09:35:49.424Z
802297036582,Коронкорезы IQ Dent (за шт),MSK-B-82,,,шт,352000,KZT,,Стоматология,https://medstom.kz/catalog,2026-07-17T09:35:49.424Z
929327459222,Кровоостанавливающая губка GENTA-COLL,GENTA-COLL,,,шт,1386000,KZT,,Стоматология,https://medstom.kz/catalog,2026-07-17T09:35:49.424Z
736547116402,"Лоток для инструментов (8 пред.) ""Дента-М""",LOTOK,,,шт,385000,KZT,,Стоматология,https://medstom.kz/catalog,2026-07-17T09:35:49.424Z
285992241552,"Материал шовный ПГА ресорба 4/0, 3/0",PGA-4/0,,,шт,220000,KZT,,Стоматология,https://medstom.kz/catalog,2026-07-17T09:35:49.424Z
978578823412,Материал шовный GLYCOLON 4/0,GLYCOLON-4/0,,,шт,220000,KZT,,Стоматология,https://medstom.kz/catalog,2026-07-17T09:35:49.424Z
602933652302,"Материал шовный MOPYLEN 4/0, 5/0 usp",MOPYLEN-4/0,,,шт,198000,KZT,,Стоматология,https://medstom.kz/catalog,2026-07-17T09:35:49.424Z
769017222732,Медицинская (лабораторная) центрифуга для стоматологии/плазмолифтинга - CGF 4000 оборотов (8×20ml),,,,шт,17850000,KZT,,Стоматология,https://medstom.kz/catalog,2026-07-17T09:35:49.424Z
329905433652,Миксеры для корригирующих материалов,MIKSER,,,шт,132000,KZT,,Стоматология,https://medstom.kz/catalog,2026-07-17T09:35:49.424Z
848687552622,Мобильный стоматологический аспиратор (вакуумная система) модели CX-370X,,,,шт,40150000,KZT,,Стоматология,https://medstom.kz/catalog,2026-07-17T09:35:49.424Z
859014701702,"Наконечники д/слюноотсосов Monoart"" №100",MONOART,,,шт,176000,KZT,,Стоматология,https://medstom.kz/catalog,2026-07-17T09:35:49.424Z
490170856982,Наконечники для пистолета воздух-вода,NAK-AIR,,,шт,1039500,KZT,,Стоматология,https://medstom.kz/catalog,2026-07-17T09:35:49.424Z
725554925462,Наконечники для слюноотсоca EURONDA,EURONDA,,,шт,187000,KZT,,Стоматология,https://medstom.kz/catalog,2026-07-17T09:35:49.424Z
441847294132,"Оптра Гейт-ретрактор (малый, стандартный)",OPTRAGATE,,,шт,110000,KZT,,Стоматология,https://medstom.kz/catalog,2026-07-17T09:35:49.424Z
117464294882,"Перчатки Mediok (Размеры: M, L)",MEDIOK,,,шт,210000,KZT,,Стоматология,https://medstom.kz/catalog,2026-07-17T09:35:49.424Z
487757198772,Пистолет «Воздух-Вода»,PISTOL-AIR,,,шт,577500,KZT,,Стоматология,https://medstom.kz/catalog,2026-07-17T09:35:49.424Z
532830966212,Пистолет для нанесения оттиска,PISTOL-OT,,,шт,577500,KZT,,Стоматология,https://medstom.kz/catalog,2026-07-17T09:35:49.424Z
607762010282,Пульпоэкстракторы КМИЗ малый (100 шт),KMIZ-P,,,шт,440000,KZT,,Стоматология,https://medstom.kz/catalog,2026-07-17T09:35:49.424Z
631450463652,Резинка для нанесения полировочной пасты,REZINKA,,,шт,38500,KZT,,Стоматология,https://medstom.kz/catalog,2026-07-17T09:35:49.424Z
727342025432,Роторасширитель,ROT,,,шт,71500,KZT,,Стоматология,https://medstom.kz/catalog,2026-07-17T09:35:49.424Z
623660753232,Слюноотсосы одноразовые гибкие из ПВХ,SL-OTS,,,шт,170000,KZT,,Стоматология,https://medstom.kz/catalog,2026-07-17T09:35:49.424Z
977805878392,Спрей масло для наконечников Bendechk 550 мл,SPRAY-OIL,,,шт,605000,KZT,,Стоматология,https://medstom.kz/catalog,2026-07-17T09:35:49.424Z
486970339082,Стекловоконные штифты GALAX (10 шт) Германия,GALAX,,,шт,290000,KZT,,Стоматология,https://medstom.kz/catalog,2026-07-17T09:35:49.424Z
560974252472,"Стекловолоконные штифты (Размеры: S1, S2, S3 и др.)",ST-VOL,,,шт,176000,KZT,,Стоматология,https://medstom.kz/catalog,2026-07-17T09:35:49.424Z
821467731882,Уницем 100/60 белый,UNI-CEM,,,шт,218900,KZT,,Стоматология,https://medstom.kz/catalog,2026-07-17T09:35:49.424Z
640617940382,Упаковочная бумага (индикаторы 1 класса),UP-BUM,,,шт,638000,KZT,,Стоматология,https://medstom.kz/catalog,2026-07-17T09:35:49.424Z
849976762562,Фартук рентгенозащитный NITRILE,NITRILE,,,шт,4620000,KZT,,Стоматология,https://medstom.kz/catalog,2026-07-17T09:35:49.424Z
417679982332,Чашка стеклянная с восьмью делениями,CHASHKA,,,шт,975000,KZT,,Стоматология,https://medstom.kz/catalog,2026-07-17T09:35:49.424Z
225745611732,"Штифты анкерные (Размеры: 51, S3, L2, L3, L4)",ANK-SH,,,шт,176000,KZT,,Стоматология,https://medstom.kz/catalog,2026-07-17T09:35:49.424Z
346507764472,Электронная анестезия,,,,шт,9240000,KZT,,Стоматология,https://medstom.kz/catalog,2026-07-17T09:35:49.424Z
268651348642,Эндо губка,ENDO-G,,,шт,693000,KZT,,Стоматология,https://medstom.kz/catalog,2026-07-17T09:35:49.424Z
506563680532,Эндожи №4 15мл.,ENDOJI,,,шт,110000,KZT,,Стоматология,https://medstom.kz/catalog,2026-07-17T09:35:49.424Z
784027567352,CX-1500 — стоматологический безмасляный компрессор,,,,шт,38500000,KZT,,Стоматология,https://medstom.kz/catalog,2026-07-17T09:35:49.424Z
162735094782,CX-500 — стоматологический безмасляный компрессор,,,,шт,34100000,KZT,,Стоматология,https://medstom.kz/catalog,2026-07-17T09:35:49.424Z
187556987502,CX-800 — стоматологический безмасляный компрессор,,,,шт,25300000,KZT,,Стоматология,https://medstom.kz/catalog,2026-07-17T09:35:49.424Z
571379426122,Denu bite block cover - Крышка блока укуса,DENU-BITE,,,шт,220000,KZT,,Стоматология,https://medstom.kz/catalog,2026-07-17T09:35:49.424Z
395762943642,Denu digital sensor - Крышка цифрового датчика,DENU-SENSOR,,,шт,385000,KZT,,Стоматология,https://medstom.kz/catalog,2026-07-17T09:35:49.424Z
811258760222,"DENU Fluoride Gel assorti (1,23% фторид-ион)",DENU-F,,,шт,1100000,KZT,,Стоматология,https://medstom.kz/catalog,2026-07-17T09:35:49.424Z
576354733202,Glycolon violet HR22 3\0 USP 70cm,GLY-VIOLET,,,шт,154000,KZT,,Стоматология,https://medstom.kz/catalog,2026-07-17T09:35:49.424Z
406588794582,HANDY Рентген-комплект,,,,шт,77000000,KZT,,Стоматология,https://medstom.kz/catalog,2026-07-17T09:35:49.424Z
367935019702,HANDY фотоаппарат,,,,шт,38000000,KZT,,Стоматология,https://medstom.kz/catalog,2026-07-17T09:35:49.424Z
960859824552,Hydrohum,HYDROHUM,,,шт,330000,KZT,,Стоматология,https://medstom.kz/catalog,2026-07-17T09:35:49.424Z
670128381692,Kagayaki Mira - паста шлифовальная 45гр/120гр,KAGAYAKI-MIRA,,,шт,638000,KZT,,Стоматология,https://medstom.kz/catalog,2026-07-17T09:35:49.424Z
572801540552,Kagayaki Mira Zr Паста для чистки и полирования 50г,KAGAYAKI-ZR,,,шт,693000,KZT,,Стоматология,https://medstom.kz/catalog,2026-07-17T09:35:49.424Z
395939973562,S TYPE стул стоматологический,,,,шт,22000000,KZT,,Стоматология,https://medstom.kz/catalog,2026-07-17T09:35:49.424Z
257130271422,Триоксидент,MSK-T-36,,,шт,913000,KZT,,Терапия,https://medstom.kz/catalog,2026-07-17T09:35:49.424Z
119633800812,Цемент Very Best Dual Cure,MSK-T-43,,,шт,1738000,KZT,0,Терапия,https://medstom.kz/catalog,2026-07-17T09:35:49.424Z
461908296612,DENU Base Liner (Прокладка с кальцием),MSK-T-24,,,шт,535000,KZT,,Терапия,https://medstom.kz/catalog,2026-07-17T09:35:49.424Z
479440505542,DENU Bond (Адгезив),MSK-T-50,,,шт,693000,KZT,,Терапия,https://medstom.kz/catalog,2026-07-17T09:35:49.424Z
727451239462,DENU Clear Varnish (Фторидный лак),MSK-T-31,,,шт,66000,KZT,,Терапия,https://medstom.kz/catalog,2026-07-17T09:35:49.424Z
501468364282,DENU Composite Resin Kit (Комплект 1),MSK-T-6,,,шт,4500000,KZT,1,Терапия,https://medstom.kz/catalog,2026-07-17T09:35:49.424Z
717598248632,DENU Crown Kit Набор для временных коронок,MSK-T-7,,,шт,5197500,KZT,0,Терапия,https://medstom.kz/catalog,2026-07-17T09:35:49.424Z
317294964632,Denu DAM / Жидкий коффердам,MSK-T-32,,,шт,550000,KZT,,Терапия,https://medstom.kz/catalog,2026-07-17T09:35:49.424Z
938262800742,DENU Dilaner (Слепочная масса),MSK-T-53,,,шт,1155000,KZT,,Терапия,https://medstom.kz/catalog,2026-07-17T09:35:49.424Z
954608463002,DENU Dual Core (Двойной полимеризующийся материал),MSK-T-42,,,шт,1360000,KZT,,Терапия,https://medstom.kz/catalog,2026-07-17T09:35:49.424Z
118678522232,DENU EDTA CREAM (для пломбирования корневых каналов),MSK-T-28,,,шт,528000,KZT,,Терапия,https://medstom.kz/catalog,2026-07-17T09:35:49.424Z
197054759602,DENU Etch-37 (для обработки эмали и дентина),MSK-T-29,,,шт,77000,KZT,,Терапия,https://medstom.kz/catalog,2026-07-17T09:35:49.424Z
879409339542,DENU Fil Flow для имплантов,MSK-T-34,,,шт,1000000,KZT,0,Терапия,https://medstom.kz/catalog,2026-07-17T09:35:49.424Z
378541426172,DENU Flow Resin (Жидкий фотополимер),MSK-T-23,,,шт,440000,KZT,,Терапия,https://medstom.kz/catalog,2026-07-17T09:35:49.424Z
907666968812,Denu Light Body (Корригирующий слепочный материал),MSK-T-52,,,шт,2200000,KZT,,Терапия,https://medstom.kz/catalog,2026-07-17T09:35:49.424Z
854650238102,DENU Pumice Paste (Полировочная паста),MSK-T-33,,,шт,1200000,KZT,0,Терапия,https://medstom.kz/catalog,2026-07-17T09:35:49.424Z
441908690682,DENU Putty Set (Слепочный материал),MSK-T-51,,,шт,2200000,KZT,,Терапия,https://medstom.kz/catalog,2026-07-17T09:35:49.424Z
904336198232,DENU Root Seal (Эндодонтический материал),MSK-T-26,,,шт,550000,KZT,,Терапия,https://medstom.kz/catalog,2026-07-17T09:35:49.424Z
719272164932,DENU Seal (Герметизация ямок и фиссур),MSK-T-30,,,шт,407000,KZT,,Терапия,https://medstom.kz/catalog,2026-07-17T09:35:49.424Z
418070109932,DENU Temp Cement EZ Temр (Цемент для легкого удаления),MSK-T-40,,,шт,748000,KZT,,Терапия,https://medstom.kz/catalog,2026-07-17T09:35:49.424Z
822705652922,DENU Temp Cement Implant (Временный цемент для имплантов),MSK-T-41,,,шт,1386000,KZT,,Терапия,https://medstom.kz/catalog,2026-07-17T09:35:49.424Z
356368822422,DENU Temp Cement NE (Временный цемент без эвгенола),MSK-T-39,,,шт,770000,KZT,,Терапия,https://medstom.kz/catalog,2026-07-17T09:35:49.424Z
435101592892,DENU Temp Flow (Жидкотекучий пломбировочный материал),MSK-T-35,,,шт,231000,KZT,0,Терапия,https://medstom.kz/catalog,2026-07-17T09:35:49.424Z
742732163882,Latelux Pro 50,MSK-T-1,,,шт,4048000,KZT,0,Терапия,https://medstom.kz/catalog,2026-07-17T09:35:49.424Z
287204112372,Latelux Pro 62 (Набор),MSK-T-2,,,шт,600,KZT,3,Терапия,https://medstom.kz/catalog,2026-07-17T09:35:49.424Z
109420581892,OLIDENT - Набор OliCo XP (8 x 5g) с бондом 5/7 поколения,MSK-T-11,,,шт,14900000,KZT,,Терапия,https://medstom.kz/catalog,2026-07-17T09:35:49.424Z
596508080772,OLIDENT - Набор OliREVO (8 x 5g) с бондом 5/7 поколения,MSK-T-9,,,шт,12500000,KZT,,Терапия,https://medstom.kz/catalog,2026-07-17T09:35:49.424Z
891771210452,OLIDENT - Набор VIP Esthetic (8 x 5g) с бондом 5/7 поколения,MSK-T-10,,,шт,10665000,KZT,,Терапия,https://medstom.kz/catalog,2026-07-17T09:35:49.424Z
720229783872,OLIDENT - OliBulk Fill &amp; ONEshade (Универсальный композит),MSK-T-17,,,шт,3820000,KZT,,Терапия,https://medstom.kz/catalog,2026-07-17T09:35:49.424Z
751231131292,OLIDENT - OliCo ХР набор (6 шприцов) нанокерамический,MSK-T-13,,,шт,11575000,KZT,,Терапия,https://medstom.kz/catalog,2026-07-17T09:35:49.424Z
600503536702,OLIDENT OlILUX Set,MSK-T-8,,,шт,7117000,KZT,,Терапия,https://medstom.kz/catalog,2026-07-17T09:35:49.424Z
460359077932,OLIDENT OlIREVO набор (6 шприцов) с бондом 5/7 поколения,MSK-T-14,,,шт,9000000,KZT,,Терапия,https://medstom.kz/catalog,2026-07-17T09:35:49.424Z
392695332762,OLIDENT VIP Esthetic набор (6 шприцов) с бондом 5/7 поколения,MSK-T-12,,,шт,7500000,KZT,,Терапия,https://medstom.kz/catalog,2026-07-17T09:35:49.424Z
337265894722,OLIDENT-OliBOND 5-го поколения (Адгезив),MSK-T-48,,,шт,1800000,KZT,,Терапия,https://medstom.kz/catalog,2026-07-17T09:35:49.424Z
129242989412,OLIDENT-OliBOND 7-го поколения (Адгезив),MSK-T-47,,,шт,2950000,KZT,,Терапия,https://medstom.kz/catalog,2026-07-17T09:35:49.424Z
332249437372,OLIDENT-OliBulk Fill MD или UD (Шприц),MSK-T-18,,,шт,1250000,KZT,,Терапия,https://medstom.kz/catalog,2026-07-17T09:35:49.424Z
706034523632,OLIDENT-OliCo XP нанокерамический (Шприц 5 гр),MSK-T-15,,,шт,1850000,KZT,,Терапия,https://medstom.kz/catalog,2026-07-17T09:35:49.424Z
748821810682,OLIDENT-Oliflow (Жидкотекучий пломбировочный материал),MSK-T-20,,,шт,1000000,KZT,,Терапия,https://medstom.kz/catalog,2026-07-17T09:35:49.424Z
934775914732,OLIDENT-OliNano SEAL (Полупрозрачный лак),MSK-T-46,,,шт,528000,KZT,,Терапия,https://medstom.kz/catalog,2026-07-17T09:35:49.424Z
596839763012,OLIDENT-OliPower Bleaching (Отбеливающий гель 35%),MSK-T-45,,,шт,3388000,KZT,,Терапия,https://medstom.kz/catalog,2026-07-17T09:35:49.424Z
381013286162,OLIDENT-OliREVO (Шприц 5 г),MSK-T-22,,,шт,1450000,KZT,,Терапия,https://medstom.kz/catalog,2026-07-17T09:35:49.424Z
768670380612,OLIDENT-OliSPHERIC (Наногибридный композит),MSK-T-21,,,шт,2600000,KZT,,Терапия,https://medstom.kz/catalog,2026-07-17T09:35:49.424Z
671219641092,OLIDENT-OliTemp (для временных коронок),MSK-T-38,,,шт,1386000,KZT,,Терапия,https://medstom.kz/catalog,2026-07-17T09:35:49.424Z
889177394062,OLIDENT-OliTemp esthetic (Бис-акриловый материал),MSK-T-37,,,шт,6193000,KZT,,Терапия,https://medstom.kz/catalog,2026-07-17T09:35:49.424Z
332243606012,OLIDENT-One Shade (Шприц),MSK-T-19,,,шт,1630000,KZT,,Терапия,https://medstom.kz/catalog,2026-07-17T09:35:49.424Z
564202260122,OLIDENT-VIP Esthetic Композит светового отверждения (Шприц 5 гр),MSK-T-16,,,шт,1250000,KZT,,Терапия,https://medstom.kz/catalog,2026-07-17T09:35:49.424Z
695153340552,Sagen Бонд 5мл,MSK-T-49,,,шт,726000,KZT,,Терапия,https://medstom.kz/catalog,2026-07-17T09:35:49.424Z
271388220692,Sagen Balance набор,MSK-T-4,,,шт,6200000,KZT,,Терапия,https://medstom.kz/catalog,2026-07-17T09:35:49.424Z
992091782302,Sagen Balance нанокомпозит 4г ЕА1 (Шприц),MSK-T-5,,,шт,577500,KZT,,Терапия,https://medstom.kz/catalog,2026-07-17T09:35:49.424Z
773874002672,Sagen Flow Текущий фотополимерный композит,MSK-T-25,,,шт,66000,KZT,,Терапия,https://medstom.kz/catalog,2026-07-17T09:35:49.424Z
355417914982,Shofu CX Plus (Стеклоиномерный цемент),MSK-T-44,,,шт,2887500,KZT,,Терапия,https://medstom.kz/catalog,2026-07-17T09:35:49.424Z
760332015882,Very Best,MSK-T-3,,,шт,1738000,KZT,0,Терапия,https://medstom.kz/catalog,2026-07-17T09:35:49.424Z
477161935102,Z-Best Универсальный наногибридный композит,MSK-T-27,,,шт,770000,KZT,,Терапия,https://medstom.kz/catalog,2026-07-17T09:35:49.424Z
240684951652,COXO турбинный наконечник с подсветкой CX207-F H15 - SP или TP,,,,шт,5000000,KZT,,Турбинные наконечники,https://medstom.kz/catalog,2026-07-17T09:35:49.424Z
822457150392,COXO CX207-B H33-SP4 турбинный наконечник титан,,,,шт,4042500,KZT,,Турбинные наконечники,https://medstom.kz/catalog,2026-07-17T09:35:49.424Z
166895671672,SOCO Турбинный наконечник (без подсветки),,,,шт,,KZT,,Турбинные наконечники,https://medstom.kz/catalog,2026-07-17T09:35:49.424Z
693472554402,TEALTH 45°-PL-Q-M4 турбинный наконечник со светом,,,,шт,5000000,KZT,,Турбинные наконечники,https://medstom.kz/catalog,2026-07-17T09:35:49.424Z
684785960392,TEALTH CK-08-M4 турбинный наконечник без света,,,,шт,1320000,KZT,,Турбинные наконечники,https://medstom.kz/catalog,2026-07-17T09:35:49.424Z
736794381942,TEALTH CK-11-M4 турбинный наконечний со светом,,,,шт,5000000,KZT,,Турбинные наконечники,https://medstom.kz/catalog,2026-07-17T09:35:49.424Z
634408208552,TEALTH CK-18-M4 турбинный наконечник со светом,,,,шт,3500000,KZT,,Турбинные наконечники,https://medstom.kz/catalog,2026-07-17T09:35:49.424Z
824461355982,COXO Понижающий угловой наконечник,,,,шт,9000000,KZT,,Угловые наконечники,https://medstom.kz/catalog,2026-07-17T09:35:49.424Z
617341261642,TEALTH CEN-01C угловой кнопочный наконечник,,,,шт,1750000,KZT,,Угловые наконечники,https://medstom.kz/catalog,2026-07-17T09:35:49.424Z
763399342532,"Ультразвуковая ванна Fomos Foclean 25 (2,5л)",,,,шт,7875000,KZT,,Ультразвуковая ванна,https://medstom.kz/catalog,2026-07-17T09:35:49.424Z
648273312242,Ультразвуковая ванна Fomos Foclean 60 (6л),,,,шт,15225000,KZT,,Ультразвуковая ванна,https://medstom.kz/catalog,2026-07-17T09:35:49.424Z
560958878112,Ультразвуковая ванна ZZLINKER,,,,шт,5000000,KZT,,Ультразвуковая ванна,https://medstom.kz/catalog,2026-07-17T09:35:49.424Z
791479179212,"Аппликаторы Dental (36 шт) 1.5mm, 2.5mm",APPLICATOR,,,шт,77000,KZT,,ЭндодонтиЯЯ,https://medstom.kz/catalog,2026-07-17T09:35:49.424Z
411982687512,"Гуттаперча SANI (02, 04, 06 конусность)",SANI-GUTTA-02,,,шт,143000,KZT,,ЭндодонтиЯЯ,https://medstom.kz/catalog,2026-07-17T09:35:49.424Z
601796098182,Гуттаперча SANI (3-Конусность),SANI-GUTTA-3,,,шт,121000,KZT,,ЭндодонтиЯЯ,https://medstom.kz/catalog,2026-07-17T09:35:49.424Z
698309511642,Гуттаперча SANI (4-конусность),SANI-GUTTA-04,,,шт,187000,KZT,,ЭндодонтиЯЯ,https://medstom.kz/catalog,2026-07-17T09:35:49.424Z
544543010372,Гуттаперча SANI (6-конусность),SANI-GUTTA-06,,,шт,187000,KZT,,ЭндодонтиЯЯ,https://medstom.kz/catalog,2026-07-17T09:35:49.424Z
529904381672,"Пины SANI (02, 04, 06 конусность)",SANI-PIN,,,шт,,KZT,,ЭндодонтиЯЯ,https://medstom.kz/catalog,2026-07-17T09:35:49.424Z
436529593952,Платки Dental Dam (для коффердама),DENTAL-DAM,,,шт,605000,KZT,,ЭндодонтиЯЯ,https://medstom.kz/catalog,2026-07-17T09:35:49.424Z
549974759122,Поли-панель для смешивания (100 листов),POLY-PANEL,,,шт,71500,KZT,,ЭндодонтиЯЯ,https://medstom.kz/catalog,2026-07-17T09:35:49.424Z
776031524602,COXO Эндомотор C-SMART I PILOT,,,,шт,37800000,KZT,,Эндомоторы,https://medstom.kz/catalog,2026-07-17T09:35:49.424Z
984894750832,EDO-1 PRO SANI ( с апекслокатором) Эндомотор,,,,шт,20000000,KZT,,Эндомоторы,https://medstom.kz/catalog,2026-07-17T09:35:49.424Z
246363768292,EDO-1 SANI Эндомотор,,,,шт,15750000,KZT,,Эндомоторы,https://medstom.kz/catalog,2026-07-17T09:35:49.424Z
230227829132,SANI ULTRA WHALE эндоактиватор,,,,шт,10000000,KZT,,Эндомоторы,https://medstom.kz/catalog,2026-07-17T09:35:49.424Z
513192917542,Бинокуляры CICADA CV-288,,,,шт,12127500,KZT,,CICADA,https://medstom.kz/catalog,2026-07-17T09:35:49.424Z
316870304982,Печь для разогрева композита CICADA CV-RH,,,,шт,4042500,KZT,,CICADA,https://medstom.kz/catalog,2026-07-17T09:35:49.424Z
245900547572,Эндоактиватор CICADA CV-EA,,,,шт,6500000,KZT,,CICADA,https://medstom.kz/catalog,2026-07-17T09:35:49.424Z
360808449592,C-SMART-C лампа CICADA - Аппарат для отбеливания зубов,,,,шт,11000000,KZT,,CICADA,https://medstom.kz/catalog,2026-07-17T09:35:49.424Z
429089895522,CICADA SN25B2501-055 наконечник на эндомотор,,,,шт,4500000,KZT,,CICADA,https://medstom.kz/catalog,2026-07-17T09:35:49.424Z
968814471802,Апекслокатор СОХО С-ROOT I +,,,,шт,13000000,KZT,,COXO,https://medstom.kz/catalog,2026-07-17T09:35:49.424Z
356533232062,Обтурационная система COXO C-Blade,,,,шт,2400000,KZT,,COXO,https://medstom.kz/catalog,2026-07-17T09:35:49.424Z
240062908832,СОХО DB686 NANO Фотополимеризационная лампа с функцией обнаружения кариеса,,,,шт,8085000,KZT,,COXO,https://medstom.kz/catalog,2026-07-17T09:35:49.424Z
822806908482,СOXO C-FILL X Set – беспроводная обтурационная система.,,,,шт,1530000,KZT,,COXO,https://medstom.kz/catalog,2026-07-17T09:35:49.424Z
834878358632,Физиодиспенсер COXO C-Sailor Pro,,,,шт,43900000,KZT,,COXO,https://medstom.kz/catalog,2026-07-17T09:35:49.424Z
649712119992,Эндомотор COXO C-SMART MINI AP,,,,шт,23500000,KZT,,COXO,https://medstom.kz/catalog,2026-07-17T09:35:49.424Z
458848871142,Air Flow CP-1 (COXO) с одним наконечником,,,,шт,9000000,KZT,,COXO,https://medstom.kz/catalog,2026-07-17T09:35:49.424Z
774318953732,COXO Воздушный микромотор с внешней системой подачи охлаждения CX235-3F или CX235 M - 3F -4,,,,шт,2600000,KZT,,COXO,https://medstom.kz/catalog,2026-07-17T09:35:49.424Z
592583380152,COXO Воздушный микромотор с внутренней системой подачи охлаждения CX235-3B,,,,шт,4700000,KZT,,COXO,https://medstom.kz/catalog,2026-07-17T09:35:49.424Z
518288373102,COXO наконечник для Airflow CP-1,,,,шт,2750000,KZT,,COXO,https://medstom.kz/catalog,2026-07-17T09:35:49.424Z
731942991742,COXO наконечник на PT-Master,,,,шт,2200000,KZT,,COXO,https://medstom.kz/catalog,2026-07-17T09:35:49.424Z
354524208932,COXO Наконечник угловой к эндодонтическому мотору C-Smart-I Pilot (C5-4M),,,,шт,10500000,KZT,,COXO,https://medstom.kz/catalog,2026-07-17T09:35:49.424Z
559840731792,COXO Наконечники на Air Flow PROFY для PT MASTER,,,,шт,2500000,KZT,,COXO,https://medstom.kz/catalog,2026-07-17T09:35:49.424Z
400681749232,COXO Повышающий угловой наконечник без света CX235C7 (C7-6),,,,шт,17325000,KZT,,COXO,https://medstom.kz/catalog,2026-07-17T09:35:49.424Z
106569158362,COXO Повышающий угловой наконечник CX235C7 (C7-5),,,,шт,15000000,KZT,,COXO,https://medstom.kz/catalog,2026-07-17T09:35:49.424Z
235678063682,COXO Порошок Глицин,,,,шт,800000,KZT,,COXO,https://medstom.kz/catalog,2026-07-17T09:35:49.424Z
631416651442,COXO роторная группа,,,,шт,2530000,KZT,,COXO,https://medstom.kz/catalog,2026-07-17T09:35:49.424Z
647192622402,COXO стоматологическая лампа DB-686 Latte,,,,шт,2800000,KZT,,COXO,https://medstom.kz/catalog,2026-07-17T09:35:49.424Z
364546662852,COXO Электромотор C PUMA MASTER и Эндомотор 2в1,,,,шт,37800000,KZT,,COXO,https://medstom.kz/catalog,2026-07-17T09:35:49.424Z
723960950162,COXO Эндоактиватор второго поколения для активации растворов ULTRA SMART,,,,шт,9450000,KZT,,COXO,https://medstom.kz/catalog,2026-07-17T09:35:49.424Z
526841289122,COXO C-SAILOR S1 Система дентальной имплантации,,,,шт,43900000,KZT,,COXO,https://medstom.kz/catalog,2026-07-17T09:35:49.424Z
333789712092,COXO C-Smart mini AP+ эндомотор,,,,шт,23500000,KZT,,COXO,https://medstom.kz/catalog,2026-07-17T09:35:49.424Z
619844966012,COXO C-SMART NOVA Wireless,,,,шт,11550000,KZT,,COXO,https://medstom.kz/catalog,2026-07-17T09:35:49.424Z
180078377382,Coxo CA-1 Airflow Polisher System With Spray,,,,шт,9000000,KZT,,COXO,https://medstom.kz/catalog,2026-07-17T09:35:49.424Z
469609250502,"COXO CD-4820 ультразвуковая ванна 2,5л.",,,,шт,5600000,KZT,,COXO,https://medstom.kz/catalog,2026-07-17T09:35:49.424Z
813882969602,Coxo CP-1 kit – порошкоструйный аппарат с двумя наконечниками,,,,шт,13000000,KZT,,COXO,https://medstom.kz/catalog,2026-07-17T09:35:49.424Z
391936285682,COXO CX235 C6-22 Наконечник угловой хирургический (для имплантов - 20:1) Cо светом,,,,шт,12600000,KZT,,COXO,https://medstom.kz/catalog,2026-07-17T09:35:49.424Z
247186950052,COXO CX235-2A прямой наконечник,,,,шт,1848000,KZT,,COXO,https://medstom.kz/catalog,2026-07-17T09:35:49.424Z
873206427262,COXO CX235C6-23 понижающий наконечник 20:1,,,,шт,9817500,KZT,,COXO,https://medstom.kz/catalog,2026-07-17T09:35:49.424Z
884562807302,COXO CX235C7 повышающий наконечник,,,,шт,15000000,KZT,,COXO,https://medstom.kz/catalog,2026-07-17T09:35:49.424Z
825355207302,"COXO DB686 HONOR Стоматологическая Светодиодная лампа для отбеливания полости рта, фоточувствительная лампа для отбеливания зубов, низкотемпературный отверждение",,,,шт,15750000,KZT,,COXO,https://medstom.kz/catalog,2026-07-17T09:35:49.424Z
600912905972,Автоклав FOMOS Foster 12L/8L,,,,шт,80850000,KZT,,Fomos,https://medstom.kz/catalog,2026-07-17T09:35:49.424Z
950504068992,Автоклав FOMOS Foster Plus 22L + Aqua дистиллятор + Foseal упаковочная машина,,,,шт,99750000,KZT,,Fomos,https://medstom.kz/catalog,2026-07-17T09:35:49.424Z
806612859072,Дистиллятор AQUA - S FOMOS,,,,шт,5700000,KZT,,Fomos,https://medstom.kz/catalog,2026-07-17T09:35:49.424Z
400184703212,Дистиллятор AQUA FOMOS,,,,шт,5000000,KZT,,Fomos,https://medstom.kz/catalog,2026-07-17T09:35:49.424Z
709672366362,Запечатывающее устройство FOMOS для упаковки инструмента FoSeal,,,,шт,9345000,KZT,,Fomos,https://medstom.kz/catalog,2026-07-17T09:35:49.424Z
578556309862,Запечатывающее устройство FOMOS для упаковки инструмента FoSeal - 01,,,,шт,7000000,KZT,,Fomos,https://medstom.kz/catalog,2026-07-17T09:35:49.424Z
821597385012,Запечатывающее устройство FOMOS для упаковки инструмента FoSeal - 02,,,,шт,7000000,KZT,,Fomos,https://medstom.kz/catalog,2026-07-17T09:35:49.424Z
196828110362,Запечатывающее устройство FOMOS для упаковки инструменты - Foseal Ap,,,,шт,50000000,KZT,,Fomos,https://medstom.kz/catalog,2026-07-17T09:35:49.424Z
733498147172,Система обтурации EASY FILL + EASY PACK SANI,,,,шт,14410000,KZT,,Sani,https://medstom.kz/catalog,2026-07-17T09:35:49.424Z
489957820992,SANI кабель на апекслокатор,,,,шт,165000,KZT,,Sani,https://medstom.kz/catalog,2026-07-17T09:35:49.424Z
634105714652,SANI наконечник на эндомотор (1:1),,,,шт,7205000,KZT,,Sani,https://medstom.kz/catalog,2026-07-17T09:35:49.424Z
120420605212,SANI TD-50 эндомотор,,,,шт,25000000,KZT,,Sani,https://medstom.kz/catalog,2026-07-17T09:35:49.424Z
854651816032,"TEALTH H2-01 роторная группа для моделей CK-01, CK-11",,,,шт,1800000,KZT,,Tealth,https://medstom.kz/catalog,2026-07-17T09:35:49.424Z
112445162422,"TEALTH H2-08 роторная группа для моделей CK-08, CK-18",,,,шт,800000,KZT,,Tealth,https://medstom.kz/catalog,2026-07-17T09:35:49.424Z
765937957502,TEALTH SEN-10C хирургический наконечник для физиодиспенчера 20°,,,,шт,4900000,KZT,,Tealth,https://medstom.kz/catalog,2026-07-17T09:35:49.424Z
160825807322,TEALTH SIN-02C хирургический наконечник для физиодиспенсера прямой,,,,шт,4400000,KZT,,Tealth,https://medstom.kz/catalog,2026-07-17T09:35:49.424Z
954513578882,Порошкоструйный аппарат Air Flow VRN DP-10,,,,шт,10000000,KZT,,VRN,https://medstom.kz/catalog,2026-07-17T09:35:49.424Z
647837101692,"VRN Порошок для наддесневой обработки на основе бикарбоната натрия (в ассортименте: 25мкм,55мкм, 65мкм)",,,,шт,1207500,KZT,,VRN,https://medstom.kz/catalog,2026-07-17T09:35:49.424Z
168362151222,VRN A8 - автономный ультразвуковой скалер с подсветкой,,,,шт,15750000,KZT,,VRN,https://medstom.kz/catalog,2026-07-17T09:35:49.424Z
724609090382,VRN DA-1 эндоактиватор,,,,шт,9000000,KZT,,VRN,https://medstom.kz/catalog,2026-07-17T09:35:49.424Z
374744239782,VRN DM-1 беспроводной эндомотор со встроенным апесклокатором,,,,шт,24150000,KZT,,VRN,https://medstom.kz/catalog,2026-07-17T09:35:49.424Z
