source,supplierName,sourceUrl,externalId,name,brand,category,unit,currency,price,quantity,isRegulated,notes
"stomir","ТОО СТОМир","https://stomir.kz/catalog/zubnye_pasty/190614042132","CKO-2","Зубная паста против зубного налета - СТОМИР","","Стоматологические товары","piece","KZT","","","false","Публичная карточка каталога СТОМир; цена и наличие требуют подтверждения поставщиком."
"stomir","ТОО СТОМир","https://stomir.kz/catalog/zubnye_pasty/190614042439","CKO-3","Зубная паста с Зеленым чаем - СТОМИР","","Стоматологические товары","piece","KZT","","","false","Публичная карточка каталога СТОМир; цена и наличие требуют подтверждения поставщиком."
"stomir","ТОО СТОМир","https://stomir.kz/catalog/zubnye_pasty/190614043144","СКО-4","Зубная паста с Алое Вера - СТОМИР","","Стоматологические товары","piece","KZT","","","false","Публичная карточка каталога СТОМир; цена и наличие требуют подтверждения поставщиком."
"stomir","ТОО СТОМир","https://stomir.kz/catalog/zubnye_pasty/190614043421","СКO-5","Зубная паста с Прополисом - СТОМИР","","Стоматологические товары","piece","KZT","","","false","Публичная карточка каталога СТОМир; цена и наличие требуют подтверждения поставщиком."
"stomir","ТОО СТОМир","https://stomir.kz/catalog/zubnye_pasty/190614044017","СКО-6","Зубная паста Отбеливающая - СТОМИР","","Стоматологические товары","piece","KZT","","","false","Публичная карточка каталога СТОМир; цена и наличие требуют подтверждения поставщиком."
"stomir","ТОО СТОМир","https://stomir.kz/catalog/zubnye_pasty/190617094737","CKO-7","Зубная паста Сенсетив - СТОМИР","","Стоматологические товары","piece","KZT","","","false","Публичная карточка каталога СТОМир; цена и наличие требуют подтверждения поставщиком."
"stomir","ТОО СТОМир","https://stomir.kz/catalog/opolaskivateli/190617095114","CKO-12","Ополаскиватель Сенситив, без спирта - СТОМИР","","Стоматологические товары","piece","KZT","","","false","Публичная карточка каталога СТОМир; цена и наличие требуют подтверждения поставщиком."
"stomir","ТОО СТОМир","https://stomir.kz/catalog/zubnye_schetki/190619121010","CKO-50","Зубная Щетка СS SMART - СТОМИР","","Стоматологические товары","piece","KZT","","","false","Публичная карточка каталога СТОМир; цена и наличие требуют подтверждения поставщиком."
"stomir","ТОО СТОМир","https://stomir.kz/catalog/zubnye_schetki/190617102810","CKO-19","Зубная щетка для чувствительных десен - СТОМИР","","Стоматологические товары","piece","KZT","","","false","Публичная карточка каталога СТОМир; цена и наличие требуют подтверждения поставщиком."
"stomir","ТОО СТОМир","https://stomir.kz/catalog/zubnye_schetki/190617103909","CKO-21","Зубная щетка Sensitive Teeth ExtraSoft - СТОМИР","","Стоматологические товары","piece","KZT","","","false","Публичная карточка каталога СТОМир; цена и наличие требуют подтверждения поставщиком."
"stomir","ТОО СТОМир","https://stomir.kz/catalog/zubnye_schetki/190617112114","CKO-24","Зубная щетка New Activ - СТОМИР","","Стоматологические товары","piece","KZT","","","false","Публичная карточка каталога СТОМир; цена и наличие требуют подтверждения поставщиком."
"stomir","ТОО СТОМир","https://stomir.kz/catalog/zubnye_schetki/190617114456","CKO-25","Зубная щетка New Balance - СТОМИР","","Стоматологические товары","piece","KZT","","","false","Публичная карточка каталога СТОМир; цена и наличие требуют подтверждения поставщиком."
"stomir","ТОО СТОМир","https://stomir.kz/catalog/zubnye_schetki/190617114823","CKO-26","Зубная щетка Голд - СТОМИР","","Стоматологические товары","piece","KZT","","","false","Публичная карточка каталога СТОМир; цена и наличие требуют подтверждения поставщиком."
"stomir","ТОО СТОМир","https://stomir.kz/catalog/zubnye_schetki/190617120839","CKO-31","Зубная щетка Детская Baby - СТОМИР","","Стоматологические товары","piece","KZT","","","false","Публичная карточка каталога СТОМир; цена и наличие требуют подтверждения поставщиком."
"stomir","ТОО СТОМир","https://stomir.kz/catalog/zubnye_schetki/190617121617","CKO-33","Зубная щетка Гусеница - СТОМИР","","Стоматологические товары","piece","KZT","","","false","Публичная карточка каталога СТОМир; цена и наличие требуют подтверждения поставщиком."
"stomir","ТОО СТОМир","https://stomir.kz/catalog/zubnye_schetki/190621013338","CKO-56","Набор ершиков Prime Plus - СТОМИР","","Стоматологические товары","piece","KZT","","","false","Публичная карточка каталога СТОМир; цена и наличие требуют подтверждения поставщиком."
"stomir","ТОО СТОМир","https://stomir.kz/catalog/skrebki_ershi_flosssy/190617123300","CKO-37","Зубная нить Алоэ Вера, которая расширяется - СТОМИР","","Стоматологические товары","piece","KZT","","","false","Публичная карточка каталога СТОМир; цена и наличие требуют подтверждения поставщиком."
"stomir","ТОО СТОМир","https://stomir.kz/catalog/instrumenty_i_akksesuary/170217105831","ятор","Артикулятор - СТОМИР","","Стоматологические товары","piece","KZT","","","false","Публичная карточка каталога СТОМир; цена и наличие требуют подтверждения поставщиком."
"stomir","ТОО СТОМир","https://stomir.kz/catalog/instrumenty_i_akksesuary/181114101732","CKB-220","Окклюдатор - СТОМИР","","Стоматологические товары","piece","KZT","","","false","Публичная карточка каталога СТОМир; цена и наличие требуют подтверждения поставщиком."
"stomir","ТОО СТОМир","https://stomir.kz/catalog/rashodnye_materialy_i_aksessuary/161228041226","CKD","Ретрактор - СТОМИР","","Стоматологические товары","piece","KZT","","","false","Публичная карточка каталога СТОМир; цена и наличие требуют подтверждения поставщиком."
"stomir","ТОО СТОМир","https://stomir.kz/catalog/stomatologicheskie_odnorazovye_komplekty/161219092014","СKD","Комплект стоматологический №2 - СТОМИР","","Стоматологические товары","piece","KZT","","","false","Публичная карточка каталога СТОМир; цена и наличие требуют подтверждения поставщиком."
"stomir","ТОО СТОМир","https://stomir.kz/catalog/odnorazovaya_produkciya/161212041046","1401945","Валики ватные - СТОМИР","","Стоматологические товары","piece","KZT","","","false","Публичная карточка каталога СТОМир; цена и наличие требуют подтверждения поставщиком."
"stomir","ТОО СТОМир","https://stomir.kz/catalog/odnorazovaya_produkciya/190617025602","CKD-123","Одноразовый турбинный наконечник - СТОМИР","","Стоматологические товары","piece","KZT","","","false","Публичная карточка каталога СТОМир; цена и наличие требуют подтверждения поставщиком."
"stomir","ТОО СТОМир","https://stomir.kz/catalog/odnorazovaya_produkciya/181114105628","1401548","Бумага упаковочная в рулонах для стерилизации - СТОМИР","","Стоматологические товары","piece","KZT","","","false","Публичная карточка каталога СТОМир; цена и наличие требуют подтверждения поставщиком."
"stomir","ТОО СТОМир","https://stomir.kz/catalog/odnorazovaya_produkciya/181114010830","CKB-226","Ирригационная система - СТОМИР","","Стоматологические товары","piece","KZT","","","false","Публичная карточка каталога СТОМир; цена и наличие требуют подтверждения поставщиком."
"stomir","ТОО СТОМир","https://stomir.kz/catalog/odnorazovaya_produkciya/181114011312","CKB-227","Кисточки для нанесения адгезива + ручка - СТОМИР","","Стоматологические товары","piece","KZT","","","false","Публичная карточка каталога СТОМир; цена и наличие требуют подтверждения поставщиком."
"stomir","ТОО СТОМир","https://stomir.kz/catalog/odnorazovaya_produkciya/181130115051","1401751","Наконечники для слюноотсоса - СТОМИР","","Стоматологические товары","piece","KZT","","","false","Публичная карточка каталога СТОМир; цена и наличие требуют подтверждения поставщиком."
"stomir","ТОО СТОМир","https://stomir.kz/catalog/odnorazovaya_produkciya/181130121518","CKB-230","Очки защитные - СТОМИР","","Стоматологические товары","piece","KZT","","","false","Публичная карточка каталога СТОМир; цена и наличие требуют подтверждения поставщиком."
"stomir","ТОО СТОМир","https://stomir.kz/catalog/odnorazovaya_produkciya/181130122225","CKB-232","Очки защитные - СТОМИР","","Стоматологические товары","piece","KZT","","","false","Публичная карточка каталога СТОМир; цена и наличие требуют подтверждения поставщиком."
"stomir","ТОО СТОМир","https://stomir.kz/catalog/odnorazovaya_produkciya/190617015652","CKM-12","Нагрудник - СТОМИР","","Стоматологические товары","piece","KZT","","","false","Публичная карточка каталога СТОМир; цена и наличие требуют подтверждения поставщиком."
"stomir","ТОО СТОМир","https://stomir.kz/catalog/odnorazovaya_produkciya/190617023119","CKD-12","Микробраши (аппликаторы стоматологические) - СТОМИР","","Стоматологические товары","piece","KZT","","","false","Публичная карточка каталога СТОМир; цена и наличие требуют подтверждения поставщиком."
"stomir","ТОО СТОМир","https://stomir.kz/catalog/slepochnye_massy/170330110359","1401712","Коррегирующий материал CharmFlex Light-LV - СТОМИР","","Стоматологические товары","piece","KZT","","","false","Публичная карточка каталога СТОМир; цена и наличие требуют подтверждения поставщиком."
"stomir","ТОО СТОМир","https://stomir.kz/catalog/slepochnye_massy/170425074008","1401713","Коррегирующий материал CharmFlex light XLV - СТОМИР","","Стоматологические товары","piece","KZT","","","false","Публичная карточка каталога СТОМир; цена и наличие требуют подтверждения поставщиком."
"stomir","ТОО СТОМир","https://stomir.kz/catalog/slepochnye_massy/170425074807","1401752","Масса слепочная А-силикон CharmFlex Putty - СТОМИР","","Стоматологические товары","piece","KZT","","","false","Публичная карточка каталога СТОМир; цена и наличие требуют подтверждения поставщиком."
"stomir","ТОО СТОМир","https://stomir.kz/catalog/slepochnye_massy/170425075113","1401753","Масса слепочная А-силикон CharmFlex Putty Soft - СТОМИР","","Стоматологические товары","piece","KZT","","","false","Публичная карточка каталога СТОМир; цена и наличие требуют подтверждения поставщиком."
"stomir","ТОО СТОМир","https://stomir.kz/catalog/plombirovochnye_materialy_himicheskogo_otverzhdeniya/190618121258","CKT-1234","Пломбировочный материал CharmFil Flow - СТОМИР","","Стоматологические товары","piece","KZT","","","false","Публичная карточка каталога СТОМир; цена и наличие требуют подтверждения поставщиком."
"stomir","ТОО СТОМир","https://stomir.kz/catalog/plombirovochnye_materialy_himicheskogo_otverzhdeniya/181113114331","CKB-204","Therafil-21 - СТОМИР","","Стоматологические товары","piece","KZT","","","false","Публичная карточка каталога СТОМир; цена и наличие требуют подтверждения поставщиком."
"stomir","ТОО СТОМир","https://stomir.kz/catalog/plombirovochnye_materialy_himicheskogo_otverzhdeniya/190614022912","1400025","Therafil-31 - СТОМИР","","Стоматологические товары","piece","KZT","","","false","Публичная карточка каталога СТОМир; цена и наличие требуют подтверждения поставщиком."
"stomir","ТОО СТОМир","https://stomir.kz/catalog/sredstva_dlya_uhoda_i_obrabotki_dezinficiruyuschie_sredstva/180724034123","СКТ-184","Порошок для чистки дистиллятора от накипи - СТОМИР","","Стоматологические товары","piece","KZT","","","false","Публичная карточка каталога СТОМир; цена и наличие требуют подтверждения поставщиком."
"stomir","ТОО СТОМир","https://stomir.kz/catalog/sredstva_dlya_uhoda_i_obrabotki_dezinficiruyuschie_sredstva/190619011845","CKT-1256","Спрей-масло для наконечников - СТОМИР","","Стоматологические товары","piece","KZT","","","false","Публичная карточка каталога СТОМир; цена и наличие требуют подтверждения поставщиком."
"stomir","ТОО СТОМир","https://stomir.kz/catalog/plombirovochnye_materialy_svetovogo_otverzhdeniya/210921122043","1401589","Универсальный светоотверждаемый рентгеноконтрастный микрогибридный нанокомпозит CharmFil Plus A2 - СТОМИР","","Стоматологические товары","piece","KZT","","","false","Публичная карточка каталога СТОМир; цена и наличие требуют подтверждения поставщиком."
"stomir","ТОО СТОМир","https://stomir.kz/catalog/plombirovochnye_materialy_svetovogo_otverzhdeniya/190618025448","1401792","Материал стоматологический светоотверждаемый жидкотекучий временный Quicks Flow Blue - СТОМИР","","Стоматологические товары","piece","KZT","","","false","Публичная карточка каталога СТОМир; цена и наличие требуют подтверждения поставщиком."
"stomir","ТОО СТОМир","https://stomir.kz/catalog/plombirovochnye_materialy_svetovogo_otverzhdeniya/210921115959","1401588","Универсальный светоотверждаемый рентгеноконтрастный микрогибридный нанокомпозит CharmFil Plus A1 - СТОМИР","","Стоматологические товары","piece","KZT","","","false","Публичная карточка каталога СТОМир; цена и наличие требуют подтверждения поставщиком."
"stomir","ТОО СТОМир","https://stomir.kz/catalog/plombirovochnye_materialy_svetovogo_otverzhdeniya/210921122613","1401591","Универсальный светоотверждаемый рентгеноконтрастный микрогибридный нанокомпозит CharmFil Plus UO - СТОМИР","","Стоматологические товары","piece","KZT","","","false","Публичная карточка каталога СТОМир; цена и наличие требуют подтверждения поставщиком."
"stomir","ТОО СТОМир","https://stomir.kz/catalog/plombirovochnye_materialy_svetovogo_otverzhdeniya/210921122349","1401590","Универсальный светоотверждаемый рентгеноконтрастный микрогибридный нанокомпозит CharmFil Plus A3 - СТОМИР","","Стоматологические товары","piece","KZT","","","false","Публичная карточка каталога СТОМир; цена и наличие требуют подтверждения поставщиком."
"stomir","ТОО СТОМир","https://stomir.kz/catalog/plombirovochnye_materialy_svetovogo_otverzhdeniya/181113103902","1401592","Набор универсальных светоотверждаемых рентгеноконтрастных нанокомпозитов CharmFil Plus Kit - СТОМИР","","Стоматологические товары","piece","KZT","","","false","Публичная карточка каталога СТОМир; цена и наличие требуют подтверждения поставщиком."
"stomir","ТОО СТОМир","https://stomir.kz/catalog/plombirovochnye_materialy_svetovogo_otverzhdeniya/181113104340","1400016","Материал композиционный пломбировочный светоотверждаемый текучий Latelux flow A1 - СТОМИР","","Стоматологические товары","piece","KZT","","","false","Публичная карточка каталога СТОМир; цена и наличие требуют подтверждения поставщиком."
"stomir","ТОО СТОМир","https://stomir.kz/catalog/plombirovochnye_materialy_svetovogo_otverzhdeniya/210611042418","1400017","Материал композиционный пломбировочный светоотверждаемый текучий Latelux flow A2 - СТОМИР","","Стоматологические товары","piece","KZT","","","false","Публичная карточка каталога СТОМир; цена и наличие требуют подтверждения поставщиком."
"stomir","ТОО СТОМир","https://stomir.kz/catalog/plombirovochnye_materialy_svetovogo_otverzhdeniya/210610033658","1400019","Материал композиционный пломбировочный светоотверждаемый Latelux A1 - СТОМИР","","Стоматологические товары","piece","KZT","","","false","Публичная карточка каталога СТОМир; цена и наличие требуют подтверждения поставщиком."
"stomir","ТОО СТОМир","https://stomir.kz/catalog/plombirovochnye_materialy_svetovogo_otverzhdeniya/210610040558","1400020","Материал композиционный пломбировочный светоотверждаемый Latelux A2 - СТОМИР","","Стоматологические товары","piece","KZT","","","false","Публичная карточка каталога СТОМир; цена и наличие требуют подтверждения поставщиком."
"stomir","ТОО СТОМир","https://stomir.kz/catalog/plombirovochnye_materialy_svetovogo_otverzhdeniya/210610041939","1401391","Материал композиционный пломбировочный светоотверждаемый Latelux B1 - СТОМИР","","Стоматологические товары","piece","KZT","","","false","Публичная карточка каталога СТОМир; цена и наличие требуют подтверждения поставщиком."
"stomir","ТОО СТОМир","https://stomir.kz/catalog/plombirovochnye_materialy_svetovogo_otverzhdeniya/210610042203","1401392","Материал композиционный пломбировочный светоотверждаемый Latelux B2 - СТОМИР","","Стоматологические товары","piece","KZT","","","false","Публичная карточка каталога СТОМир; цена и наличие требуют подтверждения поставщиком."
"stomir","ТОО СТОМир","https://stomir.kz/catalog/plombirovochnye_materialy_svetovogo_otverzhdeniya/210611042627","1400018","Материал композиционный пломбировочный светоотверждаемый текучий Latelux flow A3 - СТОМИР","","Стоматологические товары","piece","KZT","","","false","Публичная карточка каталога СТОМир; цена и наличие требуют подтверждения поставщиком."
"stomir","ТОО СТОМир","https://stomir.kz/catalog/plombirovochnye_materialy_svetovogo_otverzhdeniya/210610041631","1401393","Материал композиционный пломбировочный светоотверждаемый Latelux OA2 - СТОМИР","","Стоматологические товары","piece","KZT","","","false","Публичная карточка каталога СТОМир; цена и наличие требуют подтверждения поставщиком."
"stomir","ТОО СТОМир","https://stomir.kz/catalog/plombirovochnye_materialy_svetovogo_otverzhdeniya/210610041115","1400021","Материал композиционный пломбировочный светоотверждаемый Latelux A3 - СТОМИР","","Стоматологические товары","piece","KZT","","","false","Публичная карточка каталога СТОМир; цена и наличие требуют подтверждения поставщиком."
"stomir","ТОО СТОМир","https://stomir.kz/catalog/plombirovochnye_materialy_svetovogo_otverzhdeniya/190614024311","1400024","LATELUX cистемный набор - СТОМИР","","Стоматологические товары","piece","KZT","","","false","Публичная карточка каталога СТОМир; цена и наличие требуют подтверждения поставщиком."
"stomir","ТОО СТОМир","https://stomir.kz/catalog/bondingovye_adgezivnye_sistemy_i_protravochnye_geli/170216010321","1400029","Протравочный гель CharmEtch-35 HV - СТОМИР","","Стоматологические товары","piece","KZT","","","false","Публичная карточка каталога СТОМир; цена и наличие требуют подтверждения поставщиком."
"stomir","ТОО СТОМир","https://stomir.kz/catalog/bondingovye_adgezivnye_sistemy_i_protravochnye_geli/180629115806","1401750","Адгезив светового отверждения CharmBond - СТОМИР","","Стоматологические товары","piece","KZT","","","false","Публичная карточка каталога СТОМир; цена и наличие требуют подтверждения поставщиком."
"stomir","ТОО СТОМир","https://stomir.kz/catalog/bondingovye_adgezivnye_sistemy_i_protravochnye_geli/210611043258","1401394","Адгезив светового отверждения Latebond-LC - СТОМИР","","Стоматологические товары","piece","KZT","","","false","Публичная карточка каталога СТОМир; цена и наличие требуют подтверждения поставщиком."
"stomir","ТОО СТОМир","https://stomir.kz/catalog/krovoostanavlivayuschie_sredstva/190626124217","CKS-1","Нить ретракционная №3 - СТОМИР","","Стоматологические товары","piece","KZT","","","false","Публичная карточка каталога СТОМир; цена и наличие требуют подтверждения поставщиком."
"stomir","ТОО СТОМир","https://stomir.kz/catalog/krovoostanavlivayuschie_sredstva/180703033631","СКТ-5","Нить ретракционная - СТОМИР","","Стоматологические товары","piece","KZT","","","false","Публичная карточка каталога СТОМир; цена и наличие требуют подтверждения поставщиком."
"stomir","ТОО СТОМир","https://stomir.kz/catalog/krovoostanavlivayuschie_sredstva/180709014002","СКТ-6","Инструмент для закладывания ретракционных нитей - СТОМИР","","Стоматологические товары","piece","KZT","","","false","Публичная карточка каталога СТОМир; цена и наличие требуют подтверждения поставщиком."
"stomir","ТОО СТОМир","https://stomir.kz/catalog/krovoostanavlivayuschie_sredstva/190626010456","CKS-2","Нить ретракционная №1 - СТОМИР","","Стоматологические товары","piece","KZT","","","false","Публичная карточка каталога СТОМир; цена и наличие требуют подтверждения поставщиком."
"stomir","ТОО СТОМир","https://stomir.kz/catalog/krovoostanavlivayuschie_sredstva/190626011026","CKS-3","Нить ретракционная №0 - СТОМИР","","Стоматологические товары","piece","KZT","","","false","Публичная карточка каталога СТОМир; цена и наличие требуют подтверждения поставщиком."
"stomir","ТОО СТОМир","https://stomir.kz/catalog/krovoostanavlivayuschie_sredstva/190626011328","CKS-4","Нить ретракционная №2 - СТОМИР","","Стоматологические товары","piece","KZT","","","false","Публичная карточка каталога СТОМир; цена и наличие требуют подтверждения поставщиком."
"stomir","ТОО СТОМир","https://stomir.kz/catalog/krovoostanavlivayuschie_sredstva/190626012824","CKS-5","Нить ретракционная Retricks-Эпи - СТОМИР","","Стоматологические товары","piece","KZT","","","false","Публичная карточка каталога СТОМир; цена и наличие требуют подтверждения поставщиком."
"stomir","ТОО СТОМир","https://stomir.kz/catalog/krovoostanavlivayuschie_sredstva/190626014411","CKS-6","Альванес порошок 7г - СТОМИР","","Стоматологические товары","piece","KZT","","","false","Публичная карточка каталога СТОМир; цена и наличие требуют подтверждения поставщиком."
"stomir","ТОО СТОМир","https://stomir.kz/catalog/krovoostanavlivayuschie_sredstva/190626014811","CKS-7","Альванес паста 20 г - СТОМИР","","Стоматологические товары","piece","KZT","","","false","Публичная карточка каталога СТОМир; цена и наличие требуют подтверждения поставщиком."
"stomir","ТОО СТОМир","https://stomir.kz/catalog/krovoostanavlivayuschie_sredstva/190626020133","CKS-8","Альванес, гемостатическая губка с хлоргексидином и метронидазолом - СТОМИР","","Стоматологические товары","piece","KZT","","","false","Публичная карточка каталога СТОМир; цена и наличие требуют подтверждения поставщиком."
"stomir","ТОО СТОМир","https://stomir.kz/catalog/krovoostanavlivayuschie_sredstva/190626020738","CKS-9","Альванес губка с линкомицином - СТОМИР","","Стоматологические товары","piece","KZT","","","false","Публичная карточка каталога СТОМир; цена и наличие требуют подтверждения поставщиком."
"stomir","ТОО СТОМир","https://stomir.kz/catalog/krovoostanavlivayuschie_sredstva/190626021830","CKS-10","Альванес губка с йодоформом - СТОМИР","","Стоматологические товары","piece","KZT","","","false","Публичная карточка каталога СТОМир; цена и наличие требуют подтверждения поставщиком."
"stomir","ТОО СТОМир","https://stomir.kz/catalog/bory/170217124008","CKT","Боры NIC - СТОМИР","","Стоматологические товары","piece","KZT","","","false","Публичная карточка каталога СТОМир; цена и наличие требуют подтверждения поставщиком."
"stomir","ТОО СТОМир","https://stomir.kz/catalog/cementy_i_vspomogatelnye_sredstva/180724041447","СКТ-131","Цемент стеклоиономерный - СТОМИР","","Стоматологические товары","piece","KZT","","","false","Публичная карточка каталога СТОМир; цена и наличие требуют подтверждения поставщиком."
"stomir","ТОО СТОМир","https://stomir.kz/catalog/anesteziruyuschie_sredstva_i_igly/181113044626","1400090","Артикаин с адреналином - СТОМИР","","Стоматологические товары","piece","KZT","","","false","Публичная карточка каталога СТОМир; цена и наличие требуют подтверждения поставщиком."
"stomir","ТОО СТОМир","https://stomir.kz/catalog/anesteziruyuschie_sredstva_i_igly/181113044739","1400091","Артикаин с адреналином форте - СТОМИР","","Стоматологические товары","piece","KZT","","","false","Публичная карточка каталога СТОМир; цена и наличие требуют подтверждения поставщиком."
"stomir","ТОО СТОМир","https://stomir.kz/catalog/anesteziruyuschie_sredstva_i_igly/181113045342","CKB-217","Шприц карпульный - СТОМИР","","Стоматологические товары","piece","KZT","","","false","Публичная карточка каталога СТОМир; цена и наличие требуют подтверждения поставщиком."
"stomir","ТОО СТОМир","https://stomir.kz/catalog/terapevticheskie_stomatologicheskie_instrumenty_i_aksessuary/181112021820","CKB-187","Гладилка серповидная - СТОМИР","","Стоматологические товары","piece","KZT","","","false","Публичная карточка каталога СТОМир; цена и наличие требуют подтверждения поставщиком."
"stomir","ТОО СТОМир","https://stomir.kz/catalog/terapevticheskie_stomatologicheskie_instrumenty_i_aksessuary/181112022157","CKB-188","Гладилка шаровидная - СТОМИР","","Стоматологические товары","piece","KZT","","","false","Публичная карточка каталога СТОМир; цена и наличие требуют подтверждения поставщиком."
"stomir","ТОО СТОМир","https://stomir.kz/catalog/terapevticheskie_stomatologicheskie_instrumenty_i_aksessuary/181112023452","CKB-183","Экскаватор - СТОМИР","","Стоматологические товары","piece","KZT","","","false","Публичная карточка каталога СТОМир; цена и наличие требуют подтверждения поставщиком."
"stomir","ТОО СТОМир","https://stomir.kz/catalog/terapevticheskie_stomatologicheskie_instrumenty_i_aksessuary/181112024216","CKB-190","Зеркало без ручки - СТОМИР","","Стоматологические товары","piece","KZT","","","false","Публичная карточка каталога СТОМир; цена и наличие требуют подтверждения поставщиком."
"stomir","ТОО СТОМир","https://stomir.kz/catalog/terapevticheskie_stomatologicheskie_instrumenty_i_aksessuary/181112024624","CKB-191","Пинцет стоматологический - СТОМИР","","Стоматологические товары","piece","KZT","","","false","Публичная карточка каталога СТОМир; цена и наличие требуют подтверждения поставщиком."
"stomir","ТОО СТОМир","https://stomir.kz/catalog/terapevticheskie_stomatologicheskie_instrumenty_i_aksessuary/181112031252","CKB-192","Зажим изогнутый (москит) - СТОМИР","","Стоматологические товары","piece","KZT","","","false","Публичная карточка каталога СТОМир; цена и наличие требуют подтверждения поставщиком."
"stomir","ТОО СТОМир","https://stomir.kz/catalog/terapevticheskie_stomatologicheskie_instrumenty_i_aksessuary/181112031547","CKB-193","Зажим прямой (москит) - СТОМИР","","Стоматологические товары","piece","KZT","","","false","Публичная карточка каталога СТОМир; цена и наличие требуют подтверждения поставщиком."
"stomir","ТОО СТОМир","https://stomir.kz/catalog/terapevticheskie_stomatologicheskie_instrumenty_i_aksessuary/181112032338","CKB-194","Чашки Петри - СТОМИР","","Стоматологические товары","piece","KZT","","","false","Публичная карточка каталога СТОМир; цена и наличие требуют подтверждения поставщиком."
"stomir","ТОО СТОМир","https://stomir.kz/catalog/terapevticheskie_stomatologicheskie_instrumenty_i_aksessuary/181112033259","CKB-195","Эндокольцо - СТОМИР","","Стоматологические товары","piece","KZT","","","false","Публичная карточка каталога СТОМир; цена и наличие требуют подтверждения поставщиком."
"stomir","ТОО СТОМир","https://stomir.kz/catalog/terapevticheskie_stomatologicheskie_instrumenty_i_aksessuary/181112040633","CKB-199","Штопфер-гладилка - СТОМИР","","Стоматологические товары","piece","KZT","","","false","Публичная карточка каталога СТОМир; цена и наличие требуют подтверждения поставщиком."
"stomir","ТОО СТОМир","https://stomir.kz/catalog/terapevticheskie_stomatologicheskie_instrumenty_i_aksessuary/181112041812","CKB-200","Зонд терапевтический - СТОМИР","","Стоматологические товары","piece","KZT","","","false","Публичная карточка каталога СТОМир; цена и наличие требуют подтверждения поставщиком."
"stomir","ТОО СТОМир","https://stomir.kz/catalog/terapevticheskie_stomatologicheskie_instrumenty_i_aksessuary/190627010347","CKS-21","Гладилка дистальная- штопфер - СТОМИР","","Стоматологические товары","piece","KZT","","","false","Публичная карточка каталога СТОМир; цена и наличие требуют подтверждения поставщиком."
"stomir","ТОО СТОМир","https://stomir.kz/catalog/terapevticheskie_stomatologicheskie_instrumenty_i_aksessuary/190627011135","CKS-22","Штопфер шаровидный - СТОМИР","","Стоматологические товары","piece","KZT","","","false","Публичная карточка каталога СТОМир; цена и наличие требуют подтверждения поставщиком."
"stomir","ТОО СТОМир","https://stomir.kz/catalog/terapevticheskie_stomatologicheskie_instrumenty_i_aksessuary/190627012131","CKS-23","Ручка для стоматологических зеркал - СТОМИР","","Стоматологические товары","piece","KZT","","","false","Публичная карточка каталога СТОМир; цена и наличие требуют подтверждения поставщиком."
"stomir","ТОО СТОМир","https://stomir.kz/catalog/terapevticheskie_stomatologicheskie_instrumenty_i_aksessuary/190627015203","CKS-26","Лоток стоматологический с крышкой - СТОМИР","","Стоматологические товары","piece","KZT","","","false","Публичная карточка каталога СТОМир; цена и наличие требуют подтверждения поставщиком."
"stomir","ТОО СТОМир","https://stomir.kz/catalog/terapevticheskie_stomatologicheskie_instrumenty_i_aksessuary/190627022532","CKS-29","Тигель стеклянный - СТОМИР","","Стоматологические товары","piece","KZT","","","false","Публичная карточка каталога СТОМир; цена и наличие требуют подтверждения поставщиком."
"stomir","ТОО СТОМир","https://stomir.kz/catalog/terapevticheskie_stomatologicheskie_instrumenty_i_aksessuary/190627023758","CKS-30","Стекло для замешивания без лунок - СТОМИР","","Стоматологические товары","piece","KZT","","","false","Публичная карточка каталога СТОМир; цена и наличие требуют подтверждения поставщиком."
"stomir","ТОО СТОМир","https://stomir.kz/catalog/terapevticheskie_stomatologicheskie_instrumenty_i_aksessuary/190627024249","CKS-31","Стекло для замешивания с 3-мя лунками - СТОМИР","","Стоматологические товары","piece","KZT","","","false","Публичная карточка каталога СТОМир; цена и наличие требуют подтверждения поставщиком."
"stomir","ТОО СТОМир","https://stomir.kz/catalog/terapevticheskie_stomatologicheskie_instrumenty_i_aksessuary/190628115002","CKS-32","Клинстип - СТОМИР","","Стоматологические товары","piece","KZT","","","false","Публичная карточка каталога СТОМир; цена и наличие требуют подтверждения поставщиком."
"stomir","ТОО СТОМир","https://stomir.kz/catalog/terapevticheskie_stomatologicheskie_instrumenty_i_aksessuary/190628122745","CKS-38","Эндолинейка (Эндоблок) - СТОМИР","","Стоматологические товары","piece","KZT","","","false","Публичная карточка каталога СТОМир; цена и наличие требуют подтверждения поставщиком."
"stomir","ТОО СТОМир","https://stomir.kz/catalog/rashodnye_materialy_i_aksessuary/170216110657","CKO","Бумага - СТОМИР","","Стоматологические товары","piece","KZT","","","false","Публичная карточка каталога СТОМир; цена и наличие требуют подтверждения поставщиком."
"stomir","ТОО СТОМир","https://stomir.kz/catalog/breket-sistema/170223023330","CKB","Брекеты керамические - СТОМИР","","Стоматологические товары","piece","KZT","","","false","Публичная карточка каталога СТОМир; цена и наличие требуют подтверждения поставщиком."
"stomir","ТОО СТОМир","https://stomir.kz/catalog/rashodnye_materialy_i_aksessuary/181112034425","CKB-196","Прикусной блок - СТОМИР","","Стоматологические товары","piece","KZT","","","false","Публичная карточка каталога СТОМир; цена и наличие требуют подтверждения поставщиком."
"stomir","ТОО СТОМир","https://stomir.kz/catalog/rashodnye_materialy_i_aksessuary/181112035417","CKB-197","Держатель для нагрудных салфеток - СТОМИР","","Стоматологические товары","piece","KZT","","","false","Публичная карточка каталога СТОМир; цена и наличие требуют подтверждения поставщиком."
"stomir","ТОО СТОМир","https://stomir.kz/catalog/rashodnye_terapevticheskie_materialy_i_aksessuary/190619012616","CKL-7","Плаггеры - СТОМИР","","Стоматологические товары","piece","KZT","","","false","Публичная карточка каталога СТОМир; цена и наличие требуют подтверждения поставщиком."
"stomir","ТОО СТОМир","https://stomir.kz/catalog/rashodnye_materialy_i_aksessuary/190628015929","CKS-40","Матрицы для моляров металлические контурные - СТОМИР","","Стоматологические товары","piece","KZT","","","false","Публичная карточка каталога СТОМир; цена и наличие требуют подтверждения поставщиком."
"stomir","ТОО СТОМир","https://stomir.kz/catalog/rashodnye_materialy_i_aksessuary/190628020503","CKS-41","Матрицы контурные - СТОМИР","","Стоматологические товары","piece","KZT","","","false","Публичная карточка каталога СТОМир; цена и наличие требуют подтверждения поставщиком."
"stomir","ТОО СТОМир","https://stomir.kz/catalog/rashodnye_materialy_i_aksessuary/190628020646","CKS-43","Матрицы секционные - СТОМИР","","Стоматологические товары","piece","KZT","","","false","Публичная карточка каталога СТОМир; цена и наличие требуют подтверждения поставщиком."
"stomir","ТОО СТОМир","https://stomir.kz/catalog/rashodnye_materialy_i_aksessuary/190628020915","CKS-44","Матрицы контурные - СТОМИР","","Стоматологические товары","piece","KZT","","","false","Публичная карточка каталога СТОМир; цена и наличие требуют подтверждения поставщиком."
"stomir","ТОО СТОМир","https://stomir.kz/catalog/rashodnye_materialy_i_aksessuary/190628021133","CKS-45","Матрицы контурные - СТОМИР","","Стоматологические товары","piece","KZT","","","false","Публичная карточка каталога СТОМир; цена и наличие требуют подтверждения поставщиком."
"stomir","ТОО СТОМир","https://stomir.kz/catalog/rashodnye_materialy_i_aksessuary/190628022117","CKS-46","Матрицы металлические - СТОМИР","","Стоматологические товары","piece","KZT","","","false","Публичная карточка каталога СТОМир; цена и наличие требуют подтверждения поставщиком."
"stomir","ТОО СТОМир","https://stomir.kz/catalog/rashodnye_materialy_i_aksessuary/190628022336","CKS-47","Матрицы металлические - СТОМИР","","Стоматологические товары","piece","KZT","","","false","Публичная карточка каталога СТОМир; цена и наличие требуют подтверждения поставщиком."
"stomir","ТОО СТОМир","https://stomir.kz/catalog/rashodnye_materialy_i_aksessuary/190628022518","CKS-48","Матрицы металлические - СТОМИР","","Стоматологические товары","piece","KZT","","","false","Публичная карточка каталога СТОМир; цена и наличие требуют подтверждения поставщиком."
"stomir","ТОО СТОМир","https://stomir.kz/catalog/rashodnye_materialy_i_aksessuary/190628022948","CKS-49","Матрицы металлические 35 мкм 50 мкм - СТОМИР","","Стоматологические товары","piece","KZT","","","false","Публичная карточка каталога СТОМир; цена и наличие требуют подтверждения поставщиком."
"stomir","ТОО СТОМир","https://stomir.kz/catalog/rashodnye_materialy_i_aksessuary/190628023624","CKS-50","Матрицы контурные секционные малые с выступом - СТОМИР","","Стоматологические товары","piece","KZT","","","false","Публичная карточка каталога СТОМир; цена и наличие требуют подтверждения поставщиком."
"stomir","ТОО СТОМир","https://stomir.kz/catalog/rashodnye_terapevticheskie_materialy_i_aksessuary/190619011059","CKL-3","Каналонаполнители - СТОМИР","","Стоматологические товары","piece","KZT","","","false","Публичная карточка каталога СТОМир; цена и наличие требуют подтверждения поставщиком."
"stomir","ТОО СТОМир","https://stomir.kz/catalog/rashodnye_terapevticheskie_materialy_i_aksessuary/190619125947","CKL-2","Каналонаполнители - СТОМИР","","Стоматологические товары","piece","KZT","","","false","Публичная карточка каталога СТОМир; цена и наличие требуют подтверждения поставщиком."
"stomir","ТОО СТОМир","https://stomir.kz/catalog/rashodnye_terapevticheskie_materialy_i_aksessuary/190619011905","CKL-5","Пульпоэкстракторы одноразовые - СТОМИР","","Стоматологические товары","piece","KZT","","","false","Публичная карточка каталога СТОМир; цена и наличие требуют подтверждения поставщиком."
"stomir","ТОО СТОМир","https://stomir.kz/catalog/rashodnye_terapevticheskie_materialy_i_aksessuary/190619012156","CKL-6","Пьезо-римеры - СТОМИР","","Стоматологические товары","piece","KZT","","","false","Публичная карточка каталога СТОМир; цена и наличие требуют подтверждения поставщиком."
"stomir","ТОО СТОМир","https://stomir.kz/catalog/rashodnye_terapevticheskie_materialy_i_aksessuary/190619012807","CKL-8","Спридеры ручные - СТОМИР","","Стоматологические товары","piece","KZT","","","false","Публичная карточка каталога СТОМир; цена и наличие требуют подтверждения поставщиком."
"stomir","ТОО СТОМир","https://stomir.kz/catalog/rashodnye_terapevticheskie_materialy_i_aksessuary/190619013754","CKL-9","Файлы ручные - СТОМИР","","Стоматологические товары","piece","KZT","","","false","Публичная карточка каталога СТОМир; цена и наличие требуют подтверждения поставщиком."
"stomir","ТОО СТОМир","https://stomir.kz/catalog/rashodnye_terapevticheskie_materialy_i_aksessuary/190619014153","CKL-10","файлы ручные - СТОМИР","","Стоматологические товары","piece","KZT","","","false","Публичная карточка каталога СТОМир; цена и наличие требуют подтверждения поставщиком."
"stomir","ТОО СТОМир","https://stomir.kz/catalog/rashodnye_terapevticheskie_materialy_i_aksessuary/190619014633","CKL-11","Файлы ручные - СТОМИР","","Стоматологические товары","piece","KZT","","","false","Публичная карточка каталога СТОМир; цена и наличие требуют подтверждения поставщиком."
"stomir","ТОО СТОМир","https://stomir.kz/catalog/rashodnye_terapevticheskie_materialy_i_aksessuary/190619014831","CKL-12","Файлы ручные - СТОМИР","","Стоматологические товары","piece","KZT","","","false","Публичная карточка каталога СТОМир; цена и наличие требуют подтверждения поставщиком."
"stomir","ТОО СТОМир","https://stomir.kz/catalog/rashodnye_terapevticheskie_materialy_i_aksessuary/190619015212","CKL-13","Файлы машинные - СТОМИР","","Стоматологические товары","piece","KZT","","","false","Публичная карточка каталога СТОМир; цена и наличие требуют подтверждения поставщиком."
"stomir","ТОО СТОМир","https://stomir.kz/catalog/rashodnye_terapevticheskie_materialy_i_aksessuary/190619015649","CKL-14","Файлы машинные - СТОМИР","","Стоматологические товары","piece","KZT","","","false","Публичная карточка каталога СТОМир; цена и наличие требуют подтверждения поставщиком."
"stomir","ТОО СТОМир","https://stomir.kz/catalog/rashodnye_terapevticheskie_materialy_i_aksessuary/190619020349","CKL-15","Протейперы машинные - СТОМИР","","Стоматологические товары","piece","KZT","","","false","Публичная карточка каталога СТОМир; цена и наличие требуют подтверждения поставщиком."
"stomir","ТОО СТОМир","https://stomir.kz/catalog/rashodnye_terapevticheskie_materialy_i_aksessuary/190619020618","CKL-16","Протейперы - СТОМИР","","Стоматологические товары","piece","KZT","","","false","Публичная карточка каталога СТОМир; цена и наличие требуют подтверждения поставщиком."
"stomir","ТОО СТОМир","https://stomir.kz/catalog/rashodnye_terapevticheskie_materialy_i_aksessuary/190619020939","CKL-17","Протейперы машинные - СТОМИР","","Стоматологические товары","piece","KZT","","","false","Публичная карточка каталога СТОМир; цена и наличие требуют подтверждения поставщиком."
"stomir","ТОО СТОМир","https://stomir.kz/catalog/rashodnye_terapevticheskie_materialy_i_aksessuary/190619021151","CKL-18","Протейперы машинные - СТОМИР","","Стоматологические товары","piece","KZT","","","false","Публичная карточка каталога СТОМир; цена и наличие требуют подтверждения поставщиком."
"stomir","ТОО СТОМир","https://stomir.kz/catalog/rashodnye_terapevticheskie_materialy_i_aksessuary/190619021331","CKL-19","Римеры ручные - СТОМИР","","Стоматологические товары","piece","KZT","","","false","Публичная карточка каталога СТОМир; цена и наличие требуют подтверждения поставщиком."
"stomir","ТОО СТОМир","https://stomir.kz/catalog/rashodnye_terapevticheskie_materialy_i_aksessuary/190619021919","CKL-20","Эндобокс металический - СТОМИР","","Стоматологические товары","piece","KZT","","","false","Публичная карточка каталога СТОМир; цена и наличие требуют подтверждения поставщиком."
"stomir","ТОО СТОМир","https://stomir.kz/catalog/rashodnye_terapevticheskie_materialy_i_aksessuary/190619022224","CKL-21","Эндоиглы для промывание каналов - СТОМИР","","Стоматологические товары","piece","KZT","","","false","Публичная карточка каталога СТОМир; цена и наличие требуют подтверждения поставщиком."
"stomir","ТОО СТОМир","https://stomir.kz/catalog/rashodnye_terapevticheskie_materialy_i_aksessuary/190619022534","CKL-22","Эндоиглы для промывания каналов - СТОМИР","","Стоматологические товары","piece","KZT","","","false","Публичная карточка каталога СТОМир; цена и наличие требуют подтверждения поставщиком."
"stomir","ТОО СТОМир","https://stomir.kz/catalog/bory/170222030559","CKL","Боры алмазные TOBOOM - СТОМИР","","Стоматологические товары","piece","KZT","","","false","Публичная карточка каталога СТОМир; цена и наличие требуют подтверждения поставщиком."
"stomir","ТОО СТОМир","https://stomir.kz/catalog/bory/170221012658","СKT","Боры TOBOOM - СТОМИР","","Стоматологические товары","piece","KZT","","","false","Публичная карточка каталога СТОМир; цена и наличие требуют подтверждения поставщиком."
"stomir","ТОО СТОМир","https://stomir.kz/catalog/instrumenty_ortodonticheskie./190611115326","CKS-350","инструмент для самолигирующих - СТОМИР","","Стоматологические товары","piece","KZT","","","false","Публичная карточка каталога СТОМир; цена и наличие требуют подтверждения поставщиком."
"stomir","ТОО СТОМир","https://stomir.kz/catalog/instrumenty_ortodonticheskie./190611022305","CKS-366","пинцет обратный, средний - СТОМИР","","Стоматологические товары","piece","KZT","","","false","Публичная карточка каталога СТОМир; цена и наличие требуют подтверждения поставщиком."
"stomir","ТОО СТОМир","https://stomir.kz/catalog/instrumenty_ortodonticheskie./190611025502","CKS-375","Позиционер для установки брекетов - СТОМИР","","Стоматологические товары","piece","KZT","","","false","Публичная карточка каталога СТОМир; цена и наличие требуют подтверждения поставщиком."
"stomir","ТОО СТОМир","https://stomir.kz/catalog/instrumenty_ortodonticheskie./190611025948","CKS-376","Подставка для дуг - СТОМИР","","Стоматологические товары","piece","KZT","","","false","Публичная карточка каталога СТОМир; цена и наличие требуют подтверждения поставщиком."
"stomir","ТОО СТОМир","https://stomir.kz/catalog/aksessuary_i_prochee/190611012602","CKS","крючки ортодонтические - СТОМИР","","Стоматологические товары","piece","KZT","","","false","Публичная карточка каталога СТОМир; цена и наличие требуют подтверждения поставщиком."
"stomir","ТОО СТОМир","https://stomir.kz/catalog/aksessuary_i_prochee/190611014259","CKS-360","Лигатуры металлические - СТОМИР","","Стоматологические товары","piece","KZT","","","false","Публичная карточка каталога СТОМир; цена и наличие требуют подтверждения поставщиком."
"stomir","ТОО СТОМир","https://stomir.kz/catalog/aksessuary_i_prochee/190611015136","CKS-361","Лигатура сепарационная - СТОМИР","","Стоматологические товары","piece","KZT","","","false","Публичная карточка каталога СТОМир; цена и наличие требуют подтверждения поставщиком."
"stomir","ТОО СТОМир","https://stomir.kz/catalog/aksessuary_i_prochee/190611015447","CKS-362","Лигатуры эластичные, 24 колечек - СТОМИР","","Стоматологические товары","piece","KZT","","","false","Публичная карточка каталога СТОМир; цена и наличие требуют подтверждения поставщиком."
"stomir","ТОО СТОМир","https://stomir.kz/catalog/mikrovinty_ortodonticheskie_mini_implanty/190611010333","CKS-352","Кнопки ортодонтические, рифленые - СТОМИР","","Стоматологические товары","piece","KZT","","","false","Публичная карточка каталога СТОМир; цена и наличие требуют подтверждения поставщиком."
"stomir","ТОО СТОМир","https://stomir.kz/catalog/rashodnye_ortodonticheskie_materialy/181109121911","CKB-145","Дуги NITI - СТОМИР","","Стоматологические товары","piece","KZT","","","false","Публичная карточка каталога СТОМир; цена и наличие требуют подтверждения поставщиком."
"stomir","ТОО СТОМир","https://stomir.kz/catalog/rashodnye_ortodonticheskie_materialy/190528013037","CKB-146","Дуги NITI - СТОМИР","","Стоматологические товары","piece","KZT","","","false","Публичная карточка каталога СТОМир; цена и наличие требуют подтверждения поставщиком."
"stomir","ТОО СТОМир","https://stomir.kz/catalog/rashodnye_ortodonticheskie_materialy/190528020331","CKB-147","Дуги RCS - СТОМИР","","Стоматологические товары","piece","KZT","","","false","Публичная карточка каталога СТОМир; цена и наличие требуют подтверждения поставщиком."
"stomir","ТОО СТОМир","https://stomir.kz/catalog/rashodnye_ortodonticheskie_materialy/190528021639","CKB-148","Дуги RCS - СТОМИР","","Стоматологические товары","piece","KZT","","","false","Публичная карточка каталога СТОМир; цена и наличие требуют подтверждения поставщиком."
"stomir","ТОО СТОМир","https://stomir.kz/catalog/rashodnye_ortodonticheskie_materialy/190528023742","CKB-149","Дуги SS - СТОМИР","","Стоматологические товары","piece","KZT","","","false","Публичная карточка каталога СТОМир; цена и наличие требуют подтверждения поставщиком."
"stomir","ТОО СТОМир","https://stomir.kz/catalog/rashodnye_ortodonticheskie_materialy/190528024856","CKB-150","Дуги SS - СТОМИР","","Стоматологические товары","piece","KZT","","","false","Публичная карточка каталога СТОМир; цена и наличие требуют подтверждения поставщиком."
"stomir","ТОО СТОМир","https://stomir.kz/catalog/rashodnye_ortodonticheskie_materialy/190528030911","СKB-151","Дуги CU-Alloy - СТОМИР","","Стоматологические товары","piece","KZT","","","false","Публичная карточка каталога СТОМир; цена и наличие требуют подтверждения поставщиком."
"stomir","ТОО СТОМир","https://stomir.kz/catalog/rashodnye_ortodonticheskie_materialy/190531121436","CKB-152","Дуги CU-Alloy - СТОМИР","","Стоматологические товары","piece","KZT","","","false","Публичная карточка каталога СТОМир; цена и наличие требуют подтверждения поставщиком."
"stomir","ТОО СТОМир","https://stomir.kz/catalog/rashodnye_ortodonticheskie_materialy/190531122907","CKB-153","Дуга облицовочная NITI - СТОМИР","","Стоматологические товары","piece","KZT","","","false","Публичная карточка каталога СТОМир; цена и наличие требуют подтверждения поставщиком."
"stomir","ТОО СТОМир","https://stomir.kz/catalog/rashodnye_ortodonticheskie_materialy/190531123544","CKB-154","Дуга облицовочная NITI - СТОМИР","","Стоматологические товары","piece","KZT","","","false","Публичная карточка каталога СТОМир; цена и наличие требуют подтверждения поставщиком."
"stomir","ТОО СТОМир","https://stomir.kz/catalog/rashodnye_ortodonticheskie_materialy/190531124050","CKB-155","Дуга облицовочная SS - СТОМИР","","Стоматологические товары","piece","KZT","","","false","Публичная карточка каталога СТОМир; цена и наличие требуют подтверждения поставщиком."
"stomir","ТОО СТОМир","https://stomir.kz/catalog/rashodnye_ortodonticheskie_materialy/190531124427","CKB-156","Дуга облицовочная SS - СТОМИР","","Стоматологические товары","piece","KZT","","","false","Публичная карточка каталога СТОМир; цена и наличие требуют подтверждения поставщиком."
"stomir","ТОО СТОМир","https://stomir.kz/catalog/rashodnye_ortodonticheskie_materialy/190612121410","CKS-379","Проволока ортодонтическая, 50 гр. - СТОМИР","","Стоматологические товары","piece","KZT","","","false","Публичная карточка каталога СТОМир; цена и наличие требуют подтверждения поставщиком."
"stomir","ТОО СТОМир","https://stomir.kz/catalog/breket-sistema/181109040128","CKB-174","Брекеты сапфировые - СТОМИР","","Стоматологические товары","piece","KZT","","","false","Публичная карточка каталога СТОМир; цена и наличие требуют подтверждения поставщиком."
"stomir","ТОО СТОМир","https://stomir.kz/catalog/breket-sistema/181029125430","CKB-101","Брекеты металлические - СТОМИР","","Стоматологические товары","piece","KZT","","","false","Публичная карточка каталога СТОМир; цена и наличие требуют подтверждения поставщиком."
"stomir","ТОО СТОМир","https://stomir.kz/catalog/breket-sistema/181203112431","CKB-236","Брекеты керамические Rose Roth - СТОМИР","","Стоматологические товары","piece","KZT","","","false","Публичная карточка каталога СТОМир; цена и наличие требуют подтверждения поставщиком."
"stomir","ТОО СТОМир","https://stomir.kz/catalog/breket-sistema/181203112656","CKB-237","Брекеты пластиковые Eva Resin Bracket - СТОМИР","","Стоматологические товары","piece","KZT","","","false","Публичная карточка каталога СТОМир; цена и наличие требуют подтверждения поставщиком."
"stomir","ТОО СТОМир","https://stomir.kz/catalog/breket-sistema/181203113418","CKB-238","Брекеты керамические, самолигирующие Venus - СТОМИР","","Стоматологические товары","piece","KZT","","","false","Публичная карточка каталога СТОМир; цена и наличие требуют подтверждения поставщиком."
