sourcePageUrl,sourceImageUrl,productName,rightsStatus
https://www.planmeca.com/dental-units/planmeca-compact-i5/,https://www.planmeca.com/link/87066d089dae44f1a0037887da820628.aspx,Planmeca Compact i5
https://www.planmeca.com/dental-units/planmeca-pro50-dental-unit/,https://www.planmeca.com/link/9e9ae67259424cdf82bece1ecf0c0eee.aspx,Planmeca Pro50
https://www.planmeca.com/dental-imaging/cbct-machines/planmeca-viso-g3/,https://www.planmeca.com/link/7e438a05300f4874aca7613eed79b83a.aspx,Planmeca Viso G3
https://www.planmeca.com/dental-imaging/panoramic-machines/planmeca-promax-2d/,https://www.planmeca.com/link/f09b40cd7d584dea96ad0349dd4e111c.aspx,Planmeca ProMax 2D
https://www.planmeca.com/cadcam-dentistry/intraoral-scanners/planmeca-emerald-s/,https://www.planmeca.com/link/bcf21219df704edbadcc678e9d8c0f9b.aspx,Planmeca Emerald S
https://www.planmeca.com/cadcam-dentistry/dental-milling-machines/planmeca-planmill-35/,https://www.planmeca.com/link/0b45f8ca53c64eef8e7949d4f11e876a.aspx,Planmeca PlanMill 35
https://www.japan.nsk-dental.com/products/turbines/turbines-ti-max_z990_z890/,https://www.japan.nsk-dental.com/admin/wp-content/uploads/Z990L_230215.png,NSK Ti-Max Z990
https://www.japan.nsk-dental.com/products/turbines/turbines-s-max_m/,https://www.japan.nsk-dental.com/admin/wp-content/uploads/smax_m_m900l.png,NSK S-Max M900
https://www.japan.nsk-dental.com/products/oral-hygiene/oral-varios/,https://www.japan.nsk-dental.com/admin/wp-content/uploads/VA970-set_W1000_jp_240515.png,NSK Varios 970
https://www.japan.nsk-dental.com/products/oral-hygiene/oral-vcp-2/,https://www.japan.nsk-dental.com/admin/wp-content/uploads/VCP2_set_Prophy_202512.png,NSK Varios Combi Pro2
https://www.japan.nsk-dental.com/products/surgical/surgical-surgicpro2/?simply_static_page=1041550,https://www.japan.nsk-dental.com/admin/wp-content/uploads/SP2set_1000×1000_jp_231103-1.png,NSK Surgic Pro2
https://www.japan.nsk-dental.com/products/surgical/surgical-variosurg4/,https://www.japan.nsk-dental.com/admin/wp-content/uploads/VS4set_1000×1000_jp_231103.png,NSK VarioSurg 4
https://www.japan.nsk-dental.com/products/endodontics/endo-endomate_tc2/,https://www.japan.nsk-dental.com/admin/wp-content/uploads/endo_mate_tc2_normal_set.png,NSK ENDO-MATE TC2
https://www.japan.nsk-dental.com/products/endodontics/endo-ipex2/,https://www.japan.nsk-dental.com/admin/wp-content/uploads/2019/05/ipex2.png,NSK iPex II
https://www.japan.nsk-dental.com/products/hygiene_and_maintenance/maintenace-icare/,https://www.japan.nsk-dental.com/admin/wp-content/uploads/iCare.png,NSK iCare
https://www.ivoclar.com/en_us/products/composites/tetric-prime,https://www.ivoclar.com/cache-buster-1/GLOBAL%20-%20MEDIA/Media%20Releases/2020/Tetric%20Prime%20-%20new%20composite%20with%20superior%20handling%20properties/10023/image-thumb__10023__cms_teaser_1/tetric-prime_2020.28e6e719.jpg,Ivoclar Tetric Prime
https://www.ivoclar.com/fr_fr/products/cementation/variolink-esthetic,https://www.ivoclar.com/cache-buster-3/GLOBAL%20-%20MEDIA/Products/Cementation/Variolink%20Esthetic/89397/image-thumb__89397__cms_teaser_1/Variolink-Esthetic_Header_1920x1220px.b440d931.jpg,Ivoclar Variolink Esthetic
https://tokuyama-dental.com/products/composites/universal/palfique-omnichroma/,https://tokuyama-dental.com/wp-content/uploads/Omunichroma2-1.jpg,Tokuyama Palfique Omnichroma
https://tokuyama-dental.com/products/composites/universal/estelite-posterior/,https://tokuyama-dental.com/wp-content/uploads/2021/10/ESTELITE-Posterior.webp,Tokuyama Estelite Posterior
https://tokuyama-dental.com/products/bonding-agents/self-etching_bonding_system/palfique-universal-bond/,https://tokuyama-dental.com/wp-content/uploads/2024/08/Bond3.png,Tokuyama Palfique Universal Bond
https://tokuyama-dental.com/products/oral-care/sealant-desensitizer/tokuyama-shield-force-plus/,https://tokuyama-dental.com/wp-content/uploads/2024/08/ShieldForce2.png,Tokuyama Shield Force Plus
https://www.solventum.com/en-us/home/f/b5005092007/,https://assets.solventum.com/is/image/mmmspinco/Filtek_Universal_Restorative_Packaging_Essential_Kit_Capsules,3M Filtek Universal Restorative
https://www.solventum.com/en-us/home/f/b00008028/,https://assets.solventum.com/is/image/mmmspinco/FiltekOneBulkFill_BtlCpsl_A2_NA_lv,3M Filtek One Bulk Fill Restorative
https://www.solventum.com/en-us/home/f/B5005223013/,https://assets.solventum.com/is/image/mmmspinco/3M_Scotchbond_Universal_Plus_intro_vial_41293,3M Scotchbond Universal Plus Adhesive
https://www.solventum.com/en-us/home/f/b5005223005/,https://assets.solventum.com/is/image/mmmspinco/3M_RelyX_Universal_RF_TR_56971,3M RelyX Universal Resin Cement
https://www.solventum.com/en-il/home/f/b00005791/,https://assets.solventum.com/is/image/mmmspinco/Clinpro-50-Foil-Pouch-Melon-Global,3M Clinpro White Varnish
https://www.kerrdental.com/en-uk/harmonize,https://www.kerrdental.com/sites/g/files/wdvifx451/files/styles/coh_large_landscape/public/2026-05/36581_Harmonize_Universal%20Enamel_Unidose_A3.jpg.webp?h=efd9deed&itok=8jVzDka-,Kerr Harmonize,official_manufacturer_catalog
https://www.kerrdental.com/en-ae/optibond-universal,https://assets.kentexpress.co.uk/1189077_UK_Front_01_s_-OptiBond-Universal-Bottle-Kit.png,Kerr OptiBond Universal,third_party_product_catalog
https://www.kerrdental.com/en-ca/simplishade,https://kavokerr.widen.net/content/d5c0fb32-295f-4130-b04a-3c53ec4ff758/web/SimpliShade_AllShades_US_v2.png?crop=yes&h=683&itok=KauxTn4x&w=1024,Kerr SimpliShade Universal Composite,official_manufacturer_catalog
https://www.kerrdental.com/en-fi/dental-restoration-products/maxcem-elite-chroma-permanent-dental-cements-and-liners,https://www.nordenta.de/medias/1200Wx1200H-default-1001-27966-606078-maxcem-elite-chroma-standard-kit.jpg?context=bWFzdGVyfGltYWdlc3wxMDE3ODV8aW1hZ2UvanBlZ3xpbWFnZXMvaDIyL2hiNS85Mzk5ODM0NjQwNDE0LmpwZ3wzYTY0ODc3MmMwNTg4NzU1ZjkyNThjYjdiNGNhMDRhNGExNDQxNzQyODJmMzZlZjZjNGI3MjZmNzU5NzE2OWY3,Kerr Maxcem Elite Chroma,third_party_product_catalog
https://www.gc.dental/europe/en-GP/products/gaenialachord,https://www.gc.dental/europe/sites/europe.gc.dental/files/products/images/Gaenial%20ACHORD%20-%20Single%20syringe%20with%20Unitips.png,GC G-ænial A'CHORD,official_manufacturer_catalog
https://www.gc.dental/europe/en-GB/products/gpremiobond,https://www.gc.dental/europe/sites/europe.gc.dental/files/products/images/gpremiobond_packshot.jpg,GC G-Premio BOND,official_manufacturer_catalog
https://www.gc.dental/europe/en-GB/products/gcemone,https://www.gc.dental/europe/sites/europe.gc.dental/files/products/images/About%20pic_LR.jpg,GC G-CEM ONE,official_manufacturer_catalog
https://www.gc.dental/europe/en-GB/products/fujicemevolve,https://www.gc.dental/europe/sites/europe.gc.dental/files/products/images/fujicemevolve_packshot.jpg,GC FujiCEM Evolve,official_manufacturer_catalog
https://www.gc.dental/europe/en-GB/products/equiaforteht,https://www.gc.dental/europe/sites/europe.gc.dental/files/products/images/Equia%20Forte%2003.jpg,GC EQUIA Forte HT,official_manufacturer_catalog
https://www.voco.dental/in/products/direct-restoration/composite/grandioso.aspx,https://www.voco.dental/in/portaldata/1/resources/products/pacshots/gb/grandioso_pac_gb.jpg,VOCO GrandioSO,official_manufacturer_catalog
https://www.voco.dental/in/products/direct-restoration/composites/admira-fusion.aspx,https://www.voco.dental/in/portaldata/1/resources/products/pacshots/gb/admira-fusion_pac_gb.jpg,VOCO Admira Fusion,official_manufacturer_catalog
https://www.voco.dental/in/products/direct-restoration/bonding/futurabond-u.aspx,https://www.voco.dental/in/portaldata/1/resources/products/pacshots/gb/futurabond-u_pac_gb.jpg,VOCO Futurabond U,official_manufacturer_catalog
https://www.voco.dental/en/products/indirect-restoration/luting/bifix-qm.aspx,https://www.voco.dental/en/portaldata/1/resources/products/pacshots/gb/bifix-qm_pac_gb.jpg,VOCO Bifix QM,official_manufacturer_catalog
https://www.voco.dental/en/products/oral-care/desensitizer/voco-profluorid-varnish.aspx,https://www.voco.dental/en/portaldata/1/resources/products/pacshots/gb/voco-profluorid-varnish_pac_gb.jpg,VOCO Profluorid Varnish,official_manufacturer_catalog
